code,name,latitude,longitude,yearid
0,Dundas St E / Regent Park Blvd,,,2016
1,Riverdale Park North (Broadview Ave),,,2016
2,Union Station,,,2016
3,Front St W / Blue Jays Way,,,2016
4,Queens Park / Bloor St W,,,2016
5,Simcoe St / Wellington St W,,,2016
6,Danforth Ave / Lamb Ave,,,2016
7,King St W / Spadina Ave,,,2016
8,Dundas St E / Broadview Ave,,,2016
9,51 Parliament St,,,2016
10,Queen St W / Portland St,,,2016
11,Central Tech  (Harbord St),,,2016
12,Parliament St / Gerrard St,,,2016
13,Wellesley St / Queen's Park Cres,,,2016
14,Sherbourne St / Carlton St (Allan Gardens),,,2016
15,College St W / Major St,,,2016
16,Bathurst Subway Station,,,2016
17,424 Wellington St. W,,,2016
18,Jarvis St / Carlton St,,,2016
19,Dundas St / Yonge St,,,2016
20,Ossington Ave / Bloor St W,,,2016
21,Victoria St / Gould St (Ryerson University),,,2016
22,Front St / Bay St (North Side),,,2016
23,King St E / River St,,,2016
24,Fort York  Blvd / Capreol Crt,,,2016
25,College St W / Huron St,,,2016
26,Bay St / College St (East Side),,,2016
27,Phoebe St / Spadina Ave,,,2016
28,York St / Queens Quay W,,,2016
29,Queens Quay W / Dan Leckie Way,,,2016
30,HTO Park (Queen's Quay W),,,2016
31,Bathurst St / Fort York Blvd,,,2016
32,Beverly St / College St W,,,2016
33,King St W / Tecumseth St,,,2016
34,St. George St / Hoskin Ave,,,2016
35,Bay St / Queens Quay W (Ferry Terminal),,,2016
36,Navy Wharf Ct. / Bremner Blvd.,,,2016
37,University Ave / Elm St,,,2016
38,Huron/ Harbord St,,,2016
39,Widmer St / Adelaide St ,,,2016
40,Bloor St / Brunswick Ave,,,2016
41,Queen St W / Spadina Ave,,,2016
42,Bay St / Wellesley St W,,,2016
43,Spadina Ave / Sussex Ave,,,2016
44,Beverly  St / Dundas St W,,,2016
45,Macpherson Ave / Spadina Rd,,,2016
46,Dundas St W / Crawford St,,,2016
47,Edward St / Yonge St,,,2016
48,Elizabeth St / Edward St (Bus Terminal),,,2016
49,Willcocks St / St. George St,,,2016
50,University Ave / Gerrard St W,,,2016
51,University Ave / College St,,,2016
52,Marlborough Ave / Yonge St,,,2016
53,Bay St / Bloor St W,,,2016
54,Yonge St / Yorkville Ave,,,2016
55,Kendal Ave / Bernard Ave,,,2016
56,Yarmouth Rd / Christie St,,,2016
57,Bay St / St. Joseph St,,,2016
58,Bloor St W / Christie St,,,2016
59,Yonge St / Wood St,,,2016
60,College Park South,,,2016
61,25 York St (ACC/Union Station South),,,2016
62,Church St / Alexander St,,,2016
63,161 Bleecker St (South of Wellesley),,,2016
64,Bremner Blvd / Spadina Ave,,,2016
65,Jarvis St / Isabella St,,,2016
66,Bremner Blvd / Rees St,,,2016
67,Queen St W / Ossington Ave,,,2016
68,Bay St / Albert St,,,2016
69,Simcoe St / Dundas St W,,,2016
70,Front St E / Cherry St,,,2016
71,Cherry St / Mill St,,,2016
72,Yonge St / Aylmer Ave,,,2016
73,University Ave / King St W,,,2016
74,Wellington St W / Bay St,,,2016
75,Queens Quay / Yonge St,,,2016
76,Queens Quay W / Lower Simcoe St,,,2016
77,Mill St / Tannery Rd,,,2016
78,Wellington St W / Portland St,,,2016
79,Augusta Ave / Dundas St W,,,2016
80,Hanna Ave / Liberty St,,,2016
81,Niagara St / Richmond St W,,,2016
82,East Liberty St / Pirandello St,,,2016
83,Augusta Ave / Denison Sq,,,2016
84,College St W / Crawford St,,,2016
85,Dockside Dr / Queens Quay E (Sugar Beach),,,2016
86,Bathurst St / Dundas St W,,,2016
87,Church St  / Wood St,,,2016
88,Queen St W / Shaw St,,,2016
89,Temperance St / Yonge St,,,2016
90,Dundonald St / Church St,,,2016
91,Wellesley St E / Yonge St Green P,,,2016
92,Gould St / Mutual St,,,2016
93,Bond St / Queen St E,,,2016
94,Riverdale Park South (Broadview Ave),,,2016
95,McGill St / Church St,,,2016
96,Church St / Bloor St E,,,2016
97,Ted Rogers Way / Bloor St E,,,2016
98,St George St / Bloor St W,,,2016
99,Euclid Ave / Bloor St W,,,2016
100,Gerrard St E / River St,,,2016
101,Queen St W / Dovercourt Rd,,,2016
102,Hayter St / Laplante Ave,,,2016
103,Sherbourne St / Wellesley St,,,2016
104,Harbord St / Clinton St,,,2016
105,Dundas St E / Parliament St,,,2016
106,King St E / Jarvis St,,,2016
107,Yonge St / Harbour St,,,2016
108,Simcoe St / Queen St W,,,2016
109,Taddle Creek Park,,,2016
110,Metro Hall Plaza,,,2016
111,Bathurst St / Lennox St,,,2016
112,Essex St / Christie St,,,2016
113,King St W / Bay St (West Side),,,2016
114,Sterling Rd / Dundas St W,,,2016
115,Front St / Yonge St (Hockey Hall of Fame),,,2016
116,Princess St / Adelaide St,,,2016
117,Lower Jarvis St / The Esplanade,,,2016
118,Queen St W / Close Ave,,,2016
119,Salem Ave / Bloor St W,,,2016
120,Ossington Ave / Harrison St,,,2016
121,College St W / Borden St,,,2016
122,College St W / Markham St,,,2016
123,Claremont St / Dundas St W,,,2016
124,Fort York Blvd / Garrison Rd,,,2016
125,King St W / Bay St (East Side),,,2016
126,Lower Sherbourne St / The Esplanade,,,2016
127,Scott St / The Esplanade,,,2016
128,Trinity St /Front St E,,,2016
129,Carlton St / Parliament St,,,2016
130,Parliament St / Aberdeen Ave,,,2016
131,Howard St / Sherbourne St,,,2016
132,Nelson St / Duncan St,,,2016
133,Strachan Ave / Princes' Blvd,,,2016
134,Ontario Place Blvd / Remembrance Dr,,,2016
135,Queen St E / Berkely St,,,2016
136,Cherry St / Distillery Ln,,,2016
137,Queen St E / Sackville St,,,2016
138,Sumach St / Carlton St. (Riverdale Farm),,,2016
139,Queen St W / York St (City Hall),,,2016
140,Castle Frank Station,,,2016
141,Ulster St / Bathurst St,,,2016
142,Rusholme Park Cres / College St W,,,2016
143,Queen St W / Cowan Ave,,,2016
144,Madison Ave / Bloor St W,,,2016
145,Jarvis St / Dundas St E,,,2016
146,Richmond St E / Jarvis St Green P,,,2016
147,Bay St / Davenport Rd,,,2016
148,Boston Ave / Queen St E,,,2016
149,Queen St E / George St (Moss Park),,,2016
150,Palmerston Ave / Vermont Ave,,,2016
151,Spadina Ave / Willcocks St,,,2016
152,Queen St W / Gladstone Ave,,,2016
153,Jimmie Simpson Park (Queen St E),,,2016
154,Davenport Rd / Bathurst St,,,2016
155,Seaton St / Dundas St E,,,2016
156,Liberty St / Fraser Ave Green P,,,2016
157,Christie St / Benson Ave (Wychwood Barns),,,2016
158,King St W / Douro St,,,2016
159,Wellington St W / Stafford St,,,2016
160,Danforth Ave / Ellerbeck St,,,2016
161,Landsdowne Subway Green P,,,2016
162,Bathurst St / Queens Quay W,,,2016
163,Summerhill Station,,,2016
164,Davenport Rd / Bedford Rd,,,2016
165,Cariboo St / Rail Path,,,2016
166,Bloor GO / UP Station/ Rail Path,,,2016
167,Niagara St / Tecumseth St,,,2016
168,King St W / Stafford St,,,2016
169,Chester Station,,,2016
170,Exhibition GO (Atlantic Ave),,,2016
171,80 Clinton St (North of College),,,2016
172,Dufferin St / Sylvan Av (Dufferin Grove Park),,,2016
173,Davenport Rd / Christie St,,,2016
174,Mary McCormick Rec Centre (Sheridan Ave),,,2016
175,Roxton Rd / Harbord St,,,2016
176,King St W / Fraser Ave,,,2016
177,Glen Edyth Dr / Davenport Rd,,,2016
178,Danforth Ave / Coxwell Ave,,,2016
179,King St W / Joe Shuster Way,,,2016
180,Bridgeman Ave / Bathurst St,,,2016
181,Bridgeman Ave / Kendal Ave,,,2016
182,Bloor St W / Dundas St W,,,2016
183,Danforth Ave / Gough Ave,,,2016
184,Parliament St / Bloor St E,,,2016
185,Lansdowne Ave / Whytock Ave,,,2016
186,Ossington Ave / College St W,,,2016
187,Davenport Rd / Avenue Rd,,,2016
188,Pape Subway Green P,,,2016
189,Kendal Ave / Spadina Rd,,,2016
190,Dufferin St / Bloor St,,,2016
191,Stephenson Ave / Main St,,,2016
192,Woodbine Subway Green P (Cedarvale Ave),,,2016
193,Donlands Station,,,2016
194,Margueretta St / College St W,,,2016
195,Danforth Ave / Westlake Ave,,,2016
196,Dundas St W / Edna Ave,,,2016
197,Danforth Ave / Barrington Ave,,,2016
198,Mortimer Ave / Coxwell Ave,,,2016
199,Danforth Ave / Aldridge Ave,,,2016
200,Base Station,,,2016
0,Bremner Blvd / Spadina Ave,,,2017
1,Dundas St / Yonge St,,,2017
2,Elizabeth St / Edward St (Bus Terminal),,,2017
3,Strachan Ave / Princes' Blvd,,,2017
4,Simcoe St / Dundas St W,,,2017
5,Bathurst St / Lennox St,,,2017
6,Church St / Bloor St E,,,2017
7,Spadina Ave / Willcocks St,,,2017
8,Front St / Yonge St (Hockey Hall of Fame),,,2017
9,Euclid Ave / Bloor St W,,,2017
10,Beverly  St / Dundas St W,,,2017
11,College Park South,,,2017
12,Kendal Ave / Bernard Ave,,,2017
13,Bathurst St / Dundas St W,,,2017
14,Simcoe St / Queen St W,,,2017
15,Augusta Ave / Dundas St W,,,2017
16,Bay St / Albert St,,,2017
17,King St E / River St,,,2017
18,Queen St W / Spadina Ave,,,2017
19,University Ave / Elm St,,,2017
20,College St W / Huron St,,,2017
21,Dockside Dr / Queens Quay E (Sugar Beach),,,2017
22,161 Bleecker St (South of Wellesley),,,2017
23,Lower Sherbourne St / The Esplanade,,,2017
24,Dundas St E / Parliament St,,,2017
25,Ted Rogers Way / Bloor St E,,,2017
26,St George St / Bloor St W,,,2017
27,Bay St / College St (East Side),,,2017
28,Dundas St W / Crawford St,,,2017
29,Bridgeman Ave / Kendal Ave,,,2017
30,Queen St W / Gladstone Ave,,,2017
31,Willcocks St / St. George St,,,2017
32,Hayter St / Laplante Ave,,,2017
33,University Ave / Gerrard St W,,,2017
34,University Ave / College St,,,2017
35,University Ave / King St W,,,2017
36,Ossington Ave / Harrison St,,,2017
37,Riverdale Park North (Broadview Ave),,,2017
38,Spadina Ave / Sussex Ave,,,2017
39,Front St E / Cherry St,,,2017
40,Front St W / Blue Jays Way,,,2017
41,Augusta Ave / Denison Sq,,,2017
42,Wellesley St / Queen's Park Cres,,,2017
43,Richmond St E / Jarvis St Green P,,,2017
44,Jarvis St / Isabella St,,,2017
45,Widmer St / Adelaide St ,,,2017
46,Queen St W / Portland St,,,2017
47,Beverly St / College St W,,,2017
48,Ulster St / Bathurst St,,,2017
49,St. George St / Hoskin Ave,,,2017
50,Fort York  Blvd / Capreol Crt,,,2017
51,Mill St / Tannery Rd,,,2017
52,Bloor St / Brunswick Ave,,,2017
53,College St W / Markham St,,,2017
54,Kendal Ave / Spadina Rd,,,2017
55,Bond St / Queen St E,,,2017
56,Exhibition GO (Atlantic Ave),,,2017
57,Scott St / The Esplanade,,,2017
58,College St W / Crawford St,,,2017
59,Bathurst Subway Station,,,2017
60,Victoria St / Gould St (Ryerson University),,,2017
61,King St W / Spadina Ave,,,2017
62,Huron/ Harbord St,,,2017
63,Navy Wharf Ct. / Bremner Blvd.,,,2017
64,Wellington St W / Bay St,,,2017
65,Dundas St E / Broadview Ave,,,2017
66,Dundonald St / Church St,,,2017
67,Queens Park / Bloor St W,,,2017
68,Queen St W / Ossington Ave,,,2017
69,Bremner Blvd / Rees St,,,2017
70,80 Clinton St (North of College),,,2017
71,College St W / Major St,,,2017
72,Bathurst St / Queens Quay W,,,2017
73,Bay St / Bloor St W,,,2017
74,Simcoe St / Wellington St W,,,2017
75,Edward St / Yonge St,,,2017
76,King St W / Bay St (East Side),,,2017
77,College St W / Borden St,,,2017
78,Church St / Alexander St,,,2017
79,Chester Station,,,2017
80,Madison Ave / Bloor St W,,,2017
81,Queen St W / Close Ave,,,2017
82,Phoebe St / Spadina Ave,,,2017
83,Gerrard St E / River St,,,2017
84,Carlton St / Parliament St,,,2017
85,51 Parliament St,,,2017
86,York St / Queens Quay W,,,2017
87,Wellesley St E / Yonge St Green P,,,2017
88,Liberty St / Fraser Ave Green P,,,2017
89,Sherbourne St / Wellesley St,,,2017
90,Bay St / Wellesley St W,,,2017
91,Rusholme Park Cres / College St W,,,2017
92,Nelson St / Duncan St,,,2017
93,Queens Quay W / Lower Simcoe St,,,2017
94,Trinity St /Front St E,,,2017
95,HTO Park (Queen's Quay W),,,2017
96,Bloor St W / Christie St,,,2017
97,Lower Jarvis St / The Esplanade,,,2017
98,Taddle Creek Park,,,2017
99,Parliament St / Gerrard St,,,2017
100,Wellington St W / Portland St,,,2017
101,Bay St / St. Joseph St,,,2017
102,Princess St / Adelaide St,,,2017
103,Davenport Rd / Avenue Rd,,,2017
104,Sterling Rd / Dundas St W,,,2017
105,King St E / Jarvis St,,,2017
106,East Liberty St / Pirandello St,,,2017
107,Dundas St E / Regent Park Blvd,,,2017
108,424 Wellington St. W,,,2017
109,Bathurst St / Fort York Blvd,,,2017
110,Queen St E / George St (Moss Park),,,2017
111,Seaton St / Dundas St E,,,2017
112,Glen Edyth Dr / Davenport Rd,,,2017
113,Sumach St / Carlton St. (Riverdale Farm),,,2017
114,King St W / Stafford St,,,2017
115,Church St  / Wood St,,,2017
116,Gould St / Mutual St,,,2017
117,Howard St / Sherbourne St,,,2017
118,Yonge St / Yorkville Ave,,,2017
119,Queen St W / York St (City Hall),,,2017
120,25 York St (ACC/Union Station South),,,2017
121,Claremont St / Dundas St W,,,2017
122,Sherbourne St / Carlton St (Allan Gardens),,,2017
123,Yonge St / Wood St,,,2017
124,Jarvis St / Carlton St,,,2017
125,Palmerston Ave / Vermont Ave,,,2017
126,Landsdowne Subway Green P,,,2017
127,Queens Quay / Yonge St,,,2017
128,Castle Frank Station,,,2017
129,Parliament St / Aberdeen Ave,,,2017
130,King St W / Bay St (West Side),,,2017
131,Davenport Rd / Bedford Rd,,,2017
132,Roxton Rd / Harbord St,,,2017
133,Yarmouth Rd / Christie St,,,2017
134,Central Tech  (Harbord St),,,2017
135,Queen St W / Dovercourt Rd,,,2017
136,Cherry St / Mill St,,,2017
137,Ossington Ave / Bloor St W,,,2017
138,Bay St / Queens Quay W (Ferry Terminal),,,2017
139,Yonge St / Harbour St,,,2017
140,Queen St W / Shaw St,,,2017
141,Queens Quay W / Dan Leckie Way,,,2017
142,Boston Ave / Queen St E,,,2017
143,Temperance St / Yonge St,,,2017
144,Queen St W / Cowan Ave,,,2017
145,Salem Ave / Bloor St W,,,2017
146,Ontario Place Blvd / Remembrance Dr,,,2017
147,Mary McCormick Rec Centre (Sheridan Ave),,,2017
148,King St W / Douro St,,,2017
149,Jarvis St / Dundas St E,,,2017
150,Harbord St / Clinton St,,,2017
151,Niagara St / Richmond St W,,,2017
152,Christie St / Benson Ave (Wychwood Barns),,,2017
153,King St W / Tecumseth St,,,2017
154,Davenport Rd / Christie St,,,2017
155,Cherry St / Distillery Ln,,,2017
156,Fort York Blvd / Garrison Rd,,,2017
157,Danforth Ave / Ellerbeck St,,,2017
158,Essex St / Christie St,,,2017
159,Macpherson Ave / Spadina Rd,,,2017
160,Union Station,,,2017
161,Jimmie Simpson Park (Queen St E),,,2017
162,McGill St / Church St,,,2017
163,Metro Hall Plaza,,,2017
164,Bridgeman Ave / Bathurst St,,,2017
165,Bloor GO / UP Station/ Rail Path,,,2017
166,Bloor St W / Dundas St W,,,2017
167,Margueretta St / College St W,,,2017
168,Front St / Bay St (North Side),,,2017
169,Riverdale Park South (Broadview Ave),,,2017
170,Ossington Ave / College St W,,,2017
171,King St W / Joe Shuster Way,,,2017
172,Parliament St / Bloor St E,,,2017
173,Queen St E / Berkely St,,,2017
174,Summerhill Station,,,2017
175,Queen St E / Sackville St,,,2017
176,Lansdowne Ave / Whytock Ave,,,2017
177,Dufferin St / Sylvan Av (Dufferin Grove Park),,,2017
178,Dufferin St / Bloor St,,,2017
179,Niagara St / Tecumseth St,,,2017
180,Mortimer Ave / Coxwell Ave,,,2017
181,Wellington St W / Stafford St,,,2017
182,Donlands Station,,,2017
183,Hanna Ave / Liberty St,,,2017
184,Danforth Ave / Gough Ave,,,2017
185,Danforth Ave / Aldridge Ave,,,2017
186,Danforth Ave / Coxwell Ave,,,2017
187,Danforth Ave / Lamb Ave,,,2017
188,Marlborough Ave / Yonge St,,,2017
189,Danforth Ave / Barrington Ave,,,2017
190,Dundas St W / Edna Ave,,,2017
191,Cariboo St / Rail Path,,,2017
192,Danforth Ave / Westlake Ave,,,2017
193,Bay St / Davenport Rd,,,2017
194,Yonge St / Aylmer Ave,,,2017
195,Davenport Rd / Bathurst St,,,2017
196,Stephenson Ave / Main St,,,2017
197,Woodbine Subway Green P (Cedarvale Ave),,,2017
198,King St W / Fraser Ave,,,2017
199,Pape Subway Green P,,,2017
200,Princess St / Adelaide St E,,,2017
201,Widmer St / Adelaide St W,,,2017
202,Michael Sweet Ave / St. Patrick St,,,2017
203,Sherbourne St / Wellesley St E,,,2017
204,HTO Park (Queens Quay W),,,2017
205,College St / Major St,,,2017
206,Beverly St / College St,,,2017
207,College St / Huron St,,,2017
208,Ossington Ave / College St,,,2017
209,College St / Markham St,,,2017
210,Wellesley St E / Yonge St (Green P),,,2017
211,St. George St / Bloor St W,,,2017
212,College St / Borden St,,,2017
213,424 Wellington St W,,,2017
214,Margueretta St / College St,,,2017
215,Lansdowne Subway Green P,,,2017
216,Dundas St W / Yonge St,,,2017
217,Front St W / Yonge St (Hockey Hall of Fame),,,2017
218,Bloor GO / UP Station (West Toronto Railpath),,,2017
219,Front St W / Bay St (North Side),,,2017
220,College St / Crawford St,,,2017
221,Rusholme Park Cres / College St,,,2017
222,Queen St E / Larchmount Ave,,,2017
223,The Royal Ontario Museum (Bloor St Entrance),,,2017
224,Spadina Ave / Adelaide St W,,,2017
225,Dundas St W / St. Patrick St,,,2017
226,Front St W / Bay St (South Side),,,2017
227,Lower Spadina Ave / Lake Shore Blvd,,,2017
228,Bloor St W / Balmuto St,,,2017
229,Roxton Rd / College St,,,2017
230,Bloor St W / High Park Ave (High Park),,,2017
231,Base Station,,,2017
232,Humber Bay Shores Park East,,,2017
233,Lakeshore Blvd W / Ellis Ave,,,2017
234,Lakeshore Blvd W / The Boulevard Club,,,2017
235,Ward Ave / Wallace Ave,,,2017
236,Humber Bay Shores Park West,,,2017
237,Lake Shore Blvd W / Ontario Dr(Ontario Place),,,2017
238,Sunnyside - Gus Ryder Pool,,,2017
239,Martin Goodman Trail (Marilyn Bell Park),,,2017
240,High Park Subway Station,,,2017
241,Queen St W / Roncesvalles Ave,,,2017
242,Lake Shore Blvd W / Windermere Ave,,,2017
243,Toronto Eaton Centre (Yonge St),,,2017
244,Queen St W / James St,,,2017
245,Roncesvalles Ave / Marmaduke St,,,2017
246,Garden Ave / Roncesvalles Ave,,,2017
247,Dufferin Gate - SMART,,,2017
248,Queen St W  /  Fuller Ave - SMART,,,2017
249,Dundas St W / Roncesvalles Green P - SMART,,,2017
250,Sorauren/Geoffrey (Sorauren Park) - SMART,,,2017
251,Howard Park Ave / Dundas St W - SMART,,,2017
252,Wallace Ave / Symington Ave - SMART,,,2017
253,St. George St / Russell St - SMART,,,2017
254,Tecumseth St / Queen St W - SMART,,,2017
255,Parkside Dr / Bloor St W - SMART,,,2017
256,Thompson St / Broadview Ave - SMART,,,2017
257,Dundas St E / Pembroke St - SMART,,,2017
258,Baldwin Ave / Spadina Ave - SMART,,,2017
259,Queen's Park Cres E / Grosvenor St - SMART,,,2017
260,Bay St / College St (West Side) - SMART,,,2017
261,Gerrard St E / Broadview - SMART,,,2017
262,King / Cowan Ave - SMART,,,2017
263,Church St / Dundas St E - SMART,,,2017
264,Queen St E / Pape Ave - SMART,,,2017
265,Walton St / Elizabeth St - SMART,,,2017
266,Rosehill Ave / Avoca Ave - SMART,,,2017
267,111 Bond St (North of Dundas St E)  - SMART,,,2017
268,John St  / Mercer St - SMART,,,2017
269,Victoria Park Subway Station - SMART,,,2017
270,Bay St / Charles St - SMART,,,2017
271,Charles St W / Balmuto St - SMART,,,2017
272,Charles St E / Jarvis St - SMART,,,2017
273,Chorley Park - SMART,,,2017
274,Wright / Sorauren (Sorauren Park) - SMART,,,2017
275,Yonge St / Dundonald St - SMART,,,2017
276,519 Church St - SMART,,,2017
277,Borden St / Bloor St W - SMART,,,2017
278,Stewart St / Bathurst St  - SMART,,,2017
279,Bloor St E / Huntley St - SMART,,,2017
280,Wychwood Ave / Benson Ave - SMART,,,2017
281,Yonge St / Alexander St - SMART,,,2017
282,Adelaide St W / Bay St - SMART,,,2017
283,Bloor St W / Manning Ave - SMART,,,2017
284,Robert St / Bloor St W - SMART,,,2017
285,York St / King St W - SMART,,,2017
286,Spadina Ave / Harbord St - SMART,,,2017
287,Dovercourt Rd / Harrison St - SMART,,,2017
288,Vanauley St / Queen St W - SMART,,,2017
289,Summerhill Ave / MacLennan Ave - SMART,,,2017
290,Bloor St W / Shaw Ave - SMART,,,2017
291,Exhibition GO Station,,,2017
292,Fringe Next Stage - 7219,,,2017
0,Bremner Blvd / Rees St,,,2018
1,Ossington Ave / College St,,,2018
2,Bay St / College St (West Side) - SMART,,,2018
3,Queen St W / York St (City Hall),,,2018
4,University Ave / Elm St,,,2018
5,College St / Major St,,,2018
6,Bay St / Albert St,,,2018
7,Niagara St / Richmond St W,,,2018
8,Church St / Alexander St,,,2018
9,Queen St W / Cowan Ave,,,2018
10,Dalton Rd / Bloor St W,,,2018
11,East Liberty St / Pirandello St,,,2018
12,Cherry St / Distillery Ln,,,2018
13,Danforth Ave / Ellerbeck St,,,2018
14,King St W / Tecumseth St,,,2018
15,Macpherson Ave / Spadina Rd,,,2018
16,Yarmouth Rd / Christie St,,,2018
17,King St W / Douro St,,,2018
18,Yonge St / Harbour St,,,2018
19,Jimmie Simpson Park (Queen St E),,,2018
20,Hanna Ave / Liberty St,,,2018
21,Union Station,,,2018
22,Bloor St W / Christie St,,,2018
23,Jarvis St / Carlton St,,,2018
24,Fort York Blvd / Garrison Rd,,,2018
25,Salem Ave / Bloor St W,,,2018
26,King St W / Stafford St,,,2018
27,Queen's Park / Bloor St W,,,2018
28,Richmond St E / Jarvis St Green P,,,2018
29,Simcoe St / Queen St W,,,2018
30,Bathurst St/Queens Quay(Billy Bishop Airport),,,2018
31,Ossington Ave / Harrison St,,,2018
32,Fort York  Blvd / Capreol Ct,,,2018
33,Dundonald St / Church St,,,2018
34,University Ave / Gerrard St W,,,2018
35,Bay St / St. Joseph St,,,2018
36,St. George St / Bloor St W,,,2018
37,Bathurst St / Fort York Blvd,,,2018
38,Queen St W / Portland St,,,2018
39,Wellesley St E / Yonge St (Green P),,,2018
40,Spadina Ave / Willcocks St,,,2018
41,Front St W / Bay St (South Side),,,2018
42,Front St W / Blue Jays Way,,,2018
43,Queens Quay W / Lower Simcoe St,,,2018
44,Sherbourne St / Wellesley St E,,,2018
45,519 Church St - SMART,,,2018
46,Queen St W / Close Ave,,,2018
47,Bloor St W / Balmuto St,,,2018
48,Bay St / College St (East Side),,,2018
49,Hayter St / Laplante Ave,,,2018
50,Bloor St W / Manning Ave - SMART,,,2018
51,Lakeshore Blvd W / Ellis Ave,,,2018
52,Spadina Ave / Fort York Blvd,,,2018
53,Spadina Ave / Adelaide St W,,,2018
54,Roxton Rd / Harbord St,,,2018
55,Dundas St E / Pembroke St - SMART,,,2018
56,Scott St / The Esplanade,,,2018
57,College St / Huron St,,,2018
58,Gould St / Yonge St (Ryerson University),,,2018
59,Davenport Rd / Christie St,,,2018
60,Queens Quay W / Dan Leckie Way,,,2018
61,Front St W / Bay St (North Side),,,2018
62,St. James Park (King St. E.),,,2018
63,Dundas St E / Regent Park Blvd,,,2018
64,Parliament St / Aberdeen Ave,,,2018
65,Queen St W / Dovercourt Rd,,,2018
66,Rusholme Park Cres / College St,,,2018
67,Jarvis St / Isabella St,,,2018
68,Howard St / Sherbourne St,,,2018
69,Queen St W / James St,,,2018
70,Christie St / Benson Ave (Wychwood Barns),,,2018
71,Lower Jarvis St / The Esplanade,,,2018
72,Niagara St / Tecumseth St,,,2018
73,Simcoe St / Michael Sweet Ave,,,2018
74,Elizabeth St / Edward St (Bus Terminal),,,2018
75,Bathurst Subway Station,,,2018
76,College St / Markham St,,,2018
77,Yonge St / Alexander St - SMART,,,2018
78,Simcoe St / Wellington St South,,,2018
79,Bathurst St / Lennox St,,,2018
80,Carlton St / Parliament St,,,2018
81,Bond St / Queen St E,,,2018
82,Temperance St. Station,,,2018
83,Gould St / Mutual St,,,2018
84,Navy Wharf Ct. / Bremner Blvd.,,,2018
85,Claremont St / Dundas St W,,,2018
86,King St E / Jarvis St,,,2018
87,College St / Crawford St,,,2018
88,Borden St / Bloor St W - SMART,,,2018
89,Bay St / Wellesley St W,,,2018
90,Liberty St / Fraser Ave Green P,,,2018
91,Princess St / Adelaide St E,,,2018
92,Sherbourne St / Carlton St (Allan Gardens),,,2018
93,McGill St / Church St,,,2018
94,Edward St / Yonge St,,,2018
95,Davenport Rd / Avenue Rd,,,2018
96,Bay St / Queens Quay W (Ferry Terminal),,,2018
97,Church St / Bloor St E,,,2018
98,Parliament St / Gerrard St,,,2018
99,Beverley  St / Dundas St W,,,2018
100,The Royal Ontario Museum (Bloor St Entrance),,,2018
101,Wellesley St / Queen's Park Cres,,,2018
102,Queen St W / Spadina Ave,,,2018
103,John St  / Mercer St - SMART,,,2018
104,College Park South,,,2018
105,Toronto Eaton Centre (Yonge St),,,2018
106,Lakeshore Blvd W / The Boulevard Club,,,2018
107,Euclid Ave / Bloor St W,,,2018
108,Queens Quay / Yonge St,,,2018
109,University Ave / College St (West),,,2018
110,Bay St / Davenport Rd,,,2018
111,Beverley St / College St,,,2018
112,Queen St E / Berkeley St,,,2018
113,Madison Ave / Bloor St W,,,2018
114,Ted Rogers Way / Bloor St E,,,2018
115,College St / Borden St,,,2018
116,Queen St E / George St (Moss Park),,,2018
117,Ulster St / Bathurst St,,,2018
118,Church St  / Wood St,,,2018
119,Bloor St W / Shaw Ave - SMART,,,2018
120,Tecumseth St / Queen St W - SMART,,,2018
121,King St W / Joe Shuster Way,,,2018
122,Dundas St W / Yonge St,,,2018
123,Strachan Ave / Princes' Blvd,,,2018
124,Nelson St / Duncan St,,,2018
125,Kendal Ave / Spadina Rd,,,2018
126,Phoebe St / Spadina Ave,,,2018
127,Front St W / Yonge St (Hockey Hall of Fame),,,2018
128,Charles St W / Balmuto St - SMART,,,2018
129,Widmer St / Adelaide St W,,,2018
130,St. George St / Russell St - SMART,,,2018
131,Wellington St W / Bay St,,,2018
132,Ward Ave / Wallace Ave,,,2018
133,Thompson St / Broadview Ave - SMART,,,2018
134,80 Clinton St (North of College),,,2018
135,Ossington Ave / Bloor St W,,,2018
136,Taddle Creek Park,,,2018
137,Sterling Rd / Dundas St W,,,2018
138,Bloor St E / Huntley St - SMART,,,2018
139,Wallace Ave / Symington Ave - SMART,,,2018
140,Yonge St / Dundonald St - SMART,,,2018
141,Dundas St W / Edna Ave,,,2018
142,Charles St E / Jarvis St - SMART,,,2018
143,Vanauley St / Queen St W - SMART,,,2018
144,Lower Spadina Ave / Lakeshore Blvd,,,2018
145,Mill St / Tannery Rd,,,2018
146,Seaton St / Dundas St E,,,2018
147,Bloor GO / UP Station (West Toronto Railpath),,,2018
148,Lower Sherbourne St / The Esplanade,,,2018
149,Sumach St / Carlton St. (Riverdale Farm),,,2018
150,Wellington St W / Portland St,,,2018
151,Dundas St E / Parliament St,,,2018
152,Garden Ave / Roncesvalles Ave,,,2018
153,Trinity St /Front St E,,,2018
154,Queen St E / Pape Ave - SMART,,,2018
155,Queen St W / Gladstone Ave,,,2018
156,Riverdale Park North (Broadview Ave),,,2018
157,King St W / Spadina Ave,,,2018
158,King St W / York St,,,2018
159,Stewart St / Bathurst St  - SMART,,,2018
160,Augusta Ave / Denison Sq,,,2018
161,Bathurst St / Dundas St W,,,2018
162,King St E / River St,,,2018
163,Kendal Ave / Bernard Ave,,,2018
164,Front St E / Cherry St,,,2018
165,Queen's Park Cres E / Grosvenor St - SMART,,,2018
166,High Park - Grenadier Cafe,,,2018
167,Summerhill Station,,,2018
168,Danforth Ave / Westlake Ave,,,2018
169,Baldwin Ave / Spadina Ave - SMART,,,2018
170,161 Bleecker St (South of Wellesley),,,2018
171,Gerrard St E / River St,,,2018
172,York St / Queens Quay W,,,2018
173,Cariboo St / Rail Path,,,2018
174,Yonge St / Wood St,,,2018
175,Dundas St E / Broadview Ave,,,2018
176,Castle Frank Station,,,2018
177,Spadina Ave / Harbord St - SMART,,,2018
178,HTO Park (Queens Quay W),,,2018
179,Queen St W / Ossington Ave,,,2018
180,51 Parliament St,,,2018
181,Glen Edyth Dr / Davenport Rd,,,2018
182,Walton St / Elizabeth St - SMART,,,2018
183,Church St / Dundas St E - SMART,,,2018
184,Harbord St / Clinton St,,,2018
185,Essex St / Christie St,,,2018
186,Queen St E / Sackville St,,,2018
187,Dufferin St / Sylvan Av (Dufferin Grove Park),,,2018
188,Willcocks St / St. George St,,,2018
189,Mary McCormick Rec Centre (Sheridan Ave),,,2018
190,King / Cowan Ave - SMART,,,2018
191,Bridgeman Ave / Bathurst St,,,2018
192,Dundas St W / St. Patrick St,,,2018
193,Dundas St W / Crawford St,,,2018
194,Yonge St / Yorkville Ave,,,2018
195,25 York St   Union Station South,,,2018
196,Robert St / Bloor St W - SMART,,,2018
197,St. George St / Hoskin Ave,,,2018
198,424 Wellington St W,,,2018
199,Lakeshore Blvd W / Ontario Dr,,,2018
200,King St W / Bay St (West Side),,,2018
201,Martin Goodman Trail (Marilyn Bell Park),,,2018
202,Chorley Park - SMART,,,2018
203,Humber Bay Shores Park East,,,2018
204,Cherry St / Mill St,,,2018
205,Dockside Dr / Queens Quay E (Sugar Beach),,,2018
206,Lansdowne Subway Station,,,2018
207,Riverdale Park South (Broadview Ave),,,2018
208,Marlborough Ave / Yonge St,,,2018
209,Adelaide St W / Bay St - SMART,,,2018
210,King St W / Bay St (East Side),,,2018
211,Danforth Ave / Aldridge Ave,,,2018
212,Dovercourt Rd / Harrison St (Green P) - SMART,,,2018
213,Jarvis St / Dundas St E,,,2018
214,Pears Av / Avenue Rd,,,2018
215,Sunnyside - Gus Ryder Pool,,,2018
216,York St / King St W - SMART,,,2018
217,Gerrard St E / Broadview - SMART,,,2018
218,Metro Hall Plaza,,,2018
219,Queen St W  /  Fuller Ave - SMART,,,2018
220,Danforth Ave / Gough Ave,,,2018
221,Bay St / Charles St - SMART,,,2018
222,Spadina Ave / Sussex Ave,,,2018
223,Wellington St W / Stafford St,,,2018
224,Wychwood Ave / Benson Ave - SMART,,,2018
225,Chester Station,,,2018
226,111 Bond St (North of Dundas St E)  - SMART,,,2018
227,Parliament St / Bloor St E,,,2018
228,Palmerston Ave / Vermont Ave,,,2018
229,Sorauren/Geoffrey (Sorauren Park) - SMART,,,2018
230,Central Tech  (Harbord St),,,2018
231,Huron/ Harbord St,,,2018
232,Yonge St / Bloor St,,,2018
233,Augusta Ave / Dundas St W,,,2018
234,Ontario Place Blvd / Lakeshore Blvd W,,,2018
235,St Clarens Ave / College St,,,2018
236,Dundas St W / Roncesvalles Green P - SMART,,,2018
237,Yonge St / Aylmer Ave,,,2018
238,High Park Subway Station,,,2018
239,Queen St W / Shaw St,,,2018
240,Dufferin St / Bloor St,,,2018
241,Humber Bay Shores Park West,,,2018
242,Exhibition GO (Atlantic Ave),,,2018
243,Queen St W / Roncesvalles Ave,,,2018
244,Roncesvalles Ave / Marmaduke St,,,2018
245,Bloor St W / High Park Ave (High Park),,,2018
246,Exhibition GO Station,,,2018
247,Bloor St W / Dundas St W,,,2018
248,Danforth Ave / Coxwell Ave,,,2018
249,Queen St E / Larchmount Ave,,,2018
250,Rosehill Ave / Avoca Ave - SMART,,,2018
251,Boston Ave / Queen St E,,,2018
252,Mortimer Ave / Coxwell Ave,,,2018
253,Dufferin Gate - SMART,,,2018
254,Pape Subway Green P,,,2018
255,Donlands Station,,,2018
256,Wright / Sorauren (Sorauren Park) - SMART,,,2018
257,Danforth Ave / Lamb Ave,,,2018
258,High Park - West Rd,,,2018
259,Davenport Rd / Bathurst St,,,2018
260,Lansdowne Ave / Whytock Ave,,,2018
261,Howard Park Ave / Dundas St W - SMART,,,2018
262,Bridgeman Ave / Kendal Ave,,,2018
263,King St W / Fraser Ave,,,2018
264,Parkside Dr / Bloor St W - SMART,,,2018
265,Mallon Ave / Jones Ave -SMART,,,2018
266,Danforth Ave / Barrington Ave,,,2018
267,Lakeshore Blvd W / Windermere Ave,,,2018
268,Victoria Park Subway Station - SMART,,,2018
269,Wolfpack - 7219,,,2018
270,Front St W / University Ave (1),,,2018
271,457 King St. W. at Spadina,,,2018
272,Mill St / Parliament St,,,2018
273,Front St W / University Ave (2),,,2018
274,King St W / Brant St,,,2018
275,Queen St. E / Eastern Ave,,,2018
276,Lakeshore Blvd E / Knox Ave,,,2018
277,Lakeshore Blvd E / Parliament St,,,2018
278,Hubbard Blvd / Balsam Av,,,2018
279,Hubbard Blvd. / Glen Manor Dr.,,,2018
280,Sherbourne St / Isabella St,,,2018
281,Bathurst St / Adelaide St W,,,2018
282,King St W / Charlotte St,,,2018
283,Queen St E / Hammersmith Ave,,,2018
284,Westmoreland Ave / Fernbank Ave,,,2018
285,Coxwell Ave/  Lakeshore Blvd E,,,2018
286,Queen St. E / Rhodes Ave.,,,2018
287,Granby St / Church St - SMART,,,2018
288,College St / McCaul St,,,2018
289,Queen St. E / Woodward Av,,,2018
290,Winona Dr / Davenport Rd,,,2018
291,Amelia St. / Sumach St.,,,2018
292,Primrose Ave / Davenport Rd,,,2018
293,Havelock St / Dufferin Park,,,2018
294,Queen St. E / Spruce Hill Rd.,,,2018
295,Roxborough St W / Yonge St,,,2018
296,Davenport Rd / Oakwood Rd - SMART,,,2018
297,Crawford St / Queen St W,,,2018
298,Davenport Rd / Lansdowne Ave.,,,2018
299,Simcoe St / Wellington St North,,,2018
300,King St E / Victoria St,,,2018
301,123 Queen St W,,,2018
302,Lee Ave / Queen St E,,,2018
303,200 Bloor St. E.,,,2018
304,Coxwell Ave / Plains Rd,,,2018
305,Gerrard Square Mall (1010 Gerrard St E),,,2018
306,Queen St E / Alton Av,,,2018
307,Eastern Ave / Winnifred Ave,,,2018
308,Morse St / Eastern Ave,,,2018
309,Carlaw Ave / Strathcona Ave,,,2018
310,Cherry Beach,,,2018
311,Alton Ave / Dundas St E (Greenwood Park),,,2018
312,Logan Ave / Bain Ave,,,2018
313,Blake St / Boultbee Ave,,,2018
314,Cherry Beach Sports Field (55 Unwin Ave),,,2018
315,Regal Rd / Dufferin St,,,2018
316,Logan Av / Gerrard St E,,,2018
317,Broadview Ave / Westwood Ave,,,2018
318,Gamble Ave / Broadview Ave,,,2018
319,Pape Ave / Gamble Ave,,,2018
320,Pretoria Av / Broadview Av,,,2018
321,Tommy Thompson Park (Leslie Street Spit),,,2018
322,Fulton Ave / Pape Ave,,,2018
323,King St E / Ontario St.,,,2018
324,Lakeshore Blvd E /Leslie St,,,2018
325,Cosburn Ave / Donlands Ave,,,2018
326,Gailbraith Rd / King s College Cr. (U of T),,,2018
327,Concord Av / Dewson St,,,2018
328,St Clair Ave W / Bathurst St.,,,2018
329,Hocken Ave./Vaughan Rd.,,,2018
330,Wells Hill Ave / St Clair Ave W,,,2018
331,Rosedale Park (20 Schofield Ave),,,2018
332,Fort York Blvd / Bathurst St SMART,,,2018
333,Queen St E / Nursewood Rd (Neville Park Loop),,,2018
334,Kew Beach Ave / Kenilworth Ave,,,2018
335,Dupont St / Emerson Ave SMART,,,2018
336,Lisgar St / Dundas St SMART,,,2018
337,Alma Ave / Gladstone Ave SMART,,,2018
338,Eglinton Ave W / Henning Ave SMART,,,2018
339,King St W / Portland St,,,2018
340,Beltline Trail / Chaplin Cres.,,,2018
341,George St / King St E,,,2018
342,Frederick St / The Esplanade,,,2018
343,Front St E / Scott St,,,2018
344,Frobisher Ave / Lascelles Blvd,,,2018
345,Yonge St / Davisville Ave,,,2018
346,Balliol St / Yonge St  SMART,,,2018
347,Lawton Blvd / Yonge St,,,2018
348,Roehampton Ave / Yonge St,,,2018
349,Erskine Ave / Yonge St SMART,,,2018
350,Simcoe St / Adelaide St W,,,2018
351,12 Harbour St,,,2018
352,Cumberland Ave / Bay St SMART,,,2018
353,20 Charles St E,,,2018
354,D'Arcy St. /McCaul St. SMART,,,2018
355,Mortimer Ave / Carlaw Ave SMART,,,2018
356,Broadview Ave / Danforth Ave,,,2018
357,College Park- Gerrard Entrance,,,2018
358,Yonge St / Dundas Sq,,,2018
0,Bay St / Albert St,,,2019
1,King St W / Tecumseth St,,,2019
2,Jarvis St / Carlton St,,,2019
3,Elizabeth St / Edward St (Bus Terminal),,,2019
4,Edward St / Yonge St,,,2019
5,Queen St W / James St,,,2019
6,161 Bleecker St (South of Wellesley),,,2019
7,College St / Markham St,,,2019
8,Queen St W / York St (City Hall),,,2019
9,Dundas St E / Parliament St,,,2019
10,Gerrard St E / Broadview - SMART,,,2019
11,Marlborough Ave / Yonge St,,,2019
12,Harbord St / Clinton St,,,2019
13,Ted Rogers Way / Bloor St E,,,2019
14,King St W / Spadina Ave,,,2019
15,Ossington Ave / College St,,,2019
16,University Ave / Gerrard St W (East Side),,,2019
17,Gould St / Yonge St (Ryerson University),,,2019
18,Bathurst Subway Station,,,2019
19,Winona Dr / Davenport Rd,,,2019
20,Beverley  St / Dundas St W,,,2019
21,King St E / River St,,,2019
22,Niagara St / Richmond St W,,,2019
23,Gould St / Mutual St,,,2019
24,Thompson St / Broadview Ave - SMART,,,2019
25,Gamble Ave / Broadview Ave,,,2019
26,Queen's Park / Bloor St W,,,2019
27,Fleet St / Bathurst St,,,2019
28,Church St / Alexander St,,,2019
29,Mill St / Parliament St,,,2019
30,John St  / Mercer St - SMART,,,2019
31,College Park- Gerrard Entrance,,,2019
32,200 Bloor St. E.,,,2019
33,Dundas St W / Yonge St,,,2019
34,Hanna Ave / Liberty St,,,2019
35,East Liberty St / Pirandello St,,,2019
36,King St W / Stafford St,,,2019
37,The Royal Ontario Museum (Bloor St Entrance),,,2019
38,Augusta Ave / Denison Sq,,,2019
39,Danforth Ave / Coxwell Ave,,,2019
40,King St W / Joe Shuster Way,,,2019
41,Mortimer Ave / Coxwell Ave,,,2019
42,Charles St W / Balmuto St - SMART,,,2019
43,Bay St / Charles St - SMART,,,2019
44,Dundas St E / Regent Park Blvd,,,2019
45,Yonge St / Alexander St - SMART,,,2019
46,McGill St / Church St,,,2019
47,Fort York Blvd / Garrison Rd,,,2019
48,King St W / York St,,,2019
49,King St W / Brant St,,,2019
50,Ulster St / Bathurst St,,,2019
51,Queen St W / Spadina Ave,,,2019
52,Queen's Park Cres E / Grosvenor St - SMART,,,2019
53,King / Cowan Ave - SMART,,,2019
54,Kendal Ave / Spadina Rd,,,2019
55,Yonge St / Bloor St,,,2019
56,Ossington Ave / Bloor St W,,,2019
57,Roehampton Ave / Yonge St,,,2019
58,Rusholme Park Cres / College St,,,2019
59,St Clarens Ave / College St,,,2019
60,Bathurst St / Adelaide St W,,,2019
61,King St W / Charlotte St (West),,,2019
62,Widmer St / Adelaide St W,,,2019
63,College St / Crawford St,,,2019
64,King St E / Jarvis St,,,2019
65,Robert St / Bloor St W - SMART,,,2019
66,Wellesley St E / Yonge St (Green P),,,2019
67,Bloor St W / High Park Ave (High Park),,,2019
68,Church St  / Wood St,,,2019
69,Baldwin Ave / Spadina Ave - SMART,,,2019
70,Hayter St / Laplante Ave,,,2019
71,Sherbourne St / Wellesley St E,,,2019
72,Front St W / Bay St (South Side),,,2019
73,Queen St E / George St (Moss Park),,,2019
74,Dundonald St / Church St,,,2019
75,Bond St / Queen St E,,,2019
76,King St E / Victoria St,,,2019
77,Simcoe St / Adelaide St W,,,2019
78,Rosehill Ave / Avoca Ave - SMART,,,2019
79,Metro Hall Plaza,,,2019
80,Fort York  Blvd / Capreol Ct,,,2019
81,Exhibition GO Station,,,2019
82,Yonge St / Wood St,,,2019
83,Yonge St / Yorkville Ave,,,2019
84,Kendal Ave / Bernard Ave,,,2019
85,Morse St / Eastern Ave - SMART,,,2019
86,Queen St W  /  Fuller Ave - SMART,,,2019
87,Bay St / Wellesley St W,,,2019
88,Temperance St. Station,,,2019
89,Simcoe St / Wellington St South,,,2019
90,Bay St / Davenport Rd,,,2019
91,Sherbourne St / Carlton St (Allan Gardens),,,2019
92,Princess St / Adelaide St E,,,2019
93,Parliament St / Aberdeen Ave,,,2019
94,St. George St / Bloor St W,,,2019
95,Front St E / Cherry St,,,2019
96,Bay St / Bloor St W (West Side),,,2019
97,Queen St W / Cowan Ave,,,2019
98,King St E / Church St,,,2019
99,Wells Hill Ave / St Clair Ave W,,,2019
100,College Park South,,,2019
101,Cumberland Ave / Bay St SMART,,,2019
102,Amelia St. / Sumach St.,,,2019
103,Lower Sherbourne St / The Esplanade,,,2019
104,Seaton St / Dundas St E - SMART,,,2019
105,Danforth Ave / Gough Ave,,,2019
106,Charles St E / Jarvis St - SMART,,,2019
107,Yonge St / Davisville Ave,,,2019
108,College St / Huron St,,,2019
109,Dalton Rd / Bloor St W,,,2019
110,King St W / Bay St (East Side),,,2019
111,College St / Major St,,,2019
112,King St W / Portland St,,,2019
113,Granby St / Church St - SMART,,,2019
114,Stewart St / Bathurst St  - SMART,,,2019
115,Vanauley St / Queen St W - SMART,,,2019
116,Queen St W / Portland St,,,2019
117,Front St W / Blue Jays Way,,,2019
118,Spadina Ave / Fort York Blvd,,,2019
119,Phoebe St / Spadina Ave,,,2019
120,Borden St / Bloor St W - SMART,,,2019
121,Sumach St / Carlton St. (Riverdale Farm),,,2019
122,Bay St / Queens Quay W (Ferry Terminal),,,2019
123,Glen Edyth Dr / Davenport Rd,,,2019
124,Bathurst St / Dundas St W,,,2019
125,College St / McCaul St,,,2019
126,Lower Jarvis St / The Esplanade,,,2019
127,Macpherson Ave / Spadina Rd,,,2019
128,Queen St W / Dovercourt Rd,,,2019
129,Navy Wharf Ct. / Bremner Blvd.,,,2019
130,Bay St / College St (West Side) - SMART,,,2019
131,Bay St / College St (East Side),,,2019
132,Gerrard Square Mall (1010 Gerrard St E),,,2019
133,Queens Quay W / Lower Simcoe St,,,2019
134,Trinity St /Front St E,,,2019
135,519 Church St - SMART,,,2019
136,Lake Shore Blvd E / Knox Ave,,,2019
137,Gerrard St E / River St,,,2019
138,Carlaw Ave / Strathcona Ave,,,2019
139,Simcoe St / Queen St W,,,2019
140,Donlands Station,,,2019
141,Humber Bay Shores Park West,,,2019
142,Bremner Blvd / Rees St,,,2019
143,Dundas St W / Crawford St,,,2019
144,Cariboo St / Rail Path,,,2019
145,Bathurst St / Lennox St,,,2019
146,Danforth Ave / Lamb Ave,,,2019
147,Parliament St / Gerrard St,,,2019
148,Sherbourne St / Isabella St,,,2019
149,Lake Shore Blvd W / Ontario Dr,,,2019
150,Fort York Blvd / Bathurst St SMART,,,2019
151,Spadina Ave / Adelaide St W,,,2019
152,Howard St / Sherbourne St,,,2019
153,Wright / Sorauren (Sorauren Park) - SMART,,,2019
154,Hubbard Blvd. / Glen Manor Dr.,,,2019
155,Davenport Rd / Avenue Rd,,,2019
156,Jimmie Simpson Park (Queen St E),,,2019
157,Lake Shore Blvd W / The Boulevard Club,,,2019
158,Sunnyside - Gus Ryder Pool,,,2019
159,Euclid Ave / Bloor St W,,,2019
160,Yarmouth Rd / Christie St,,,2019
161,Dockside Dr / Queens Quay E (Sugar Beach),,,2019
162,Broadview Ave / Danforth Ave,,,2019
163,Dundas St E / Broadview Ave,,,2019
164,Union Station,,,2019
165,Beverley St / College St,,,2019
166,Kew Beach Ave / Kenilworth Ave,,,2019
167,80 Clinton St (North of College) - SMART,,,2019
168,Alma Ave / Gladstone Ave SMART,,,2019
169,University Ave / College St (West),,,2019
170,Queen St E / Nursewood Rd (Neville Park Loop),,,2019
171,High Park Subway Station,,,2019
172,Walton St / Elizabeth St - SMART,,,2019
173,Wellington St W / Stafford St,,,2019
174,Parkside Dr / Bloor St W - SMART,,,2019
175,Lake Shore Blvd E / Leslie St,,,2019
176,Bloor St W / Christie St,,,2019
177,Ontario Place Blvd / Lake Shore Blvd W (East),,,2019
178,Dufferin St / Sylvan Av (Dufferin Grove Park),,,2019
179,Riverdale Park North (Broadview Ave),,,2019
180,Queen St W / Ossington Ave,,,2019
181,Taddle Creek Park,,,2019
182,Bay St / Bloor St W (East Side),,,2019
183,Mallon Ave / Jones Ave -SMART,,,2019
184,Dundas St E / Pembroke St - SMART,,,2019
185,Davenport Rd / Christie St,,,2019
186,Castle Frank Station,,,2019
187,Dupont St / Emerson Ave SMART,,,2019
188,York St / Queens Quay W,,,2019
189,Lake Shore Blvd W / Ellis Ave,,,2019
190,Bloor St W / Dundas St W,,,2019
191,High Park - West Rd,,,2019
192,Scott St / The Esplanade,,,2019
193,Adelaide St W / Bay St - SMART,,,2019
194,King St W / Bay St (West Side),,,2019
195,Bloor St W / Manning Ave - SMART,,,2019
196,Queens Quay W / Dan Leckie Way,,,2019
197,Chorley Park - SMART,,,2019
198,Humber Bay Shores Park East,,,2019
199,Alton Ave / Dundas St E (Greenwood Park),,,2019
200,Bathurst St/Queens Quay(Billy Bishop Airport),,,2019
201,Queens Quay / Yonge St,,,2019
202,Queen St E / Sackville St,,,2019
203,Summerhill Station,,,2019
204,College St / Borden St,,,2019
205,Queen St E / Alton Av,,,2019
206,King St W / Douro St,,,2019
207,Riverdale Park South (Broadview Ave),,,2019
208,Bloor St W / Shaw Ave - SMART,,,2019
209,Nelson St / Duncan St,,,2019
210,Front St W / University Ave (1),,,2019
211,Lower Spadina Ave / Lake Shore Blvd,,,2019
212,Madison Ave / Bloor St W,,,2019
213,Tommy Thompson Park (Leslie Street Spit),,,2019
214,George St / King St E,,,2019
215,Crawford St / Queen St W,,,2019
216,Sterling Rd / Dundas St W,,,2019
217,Church St / Dundas St E - SMART,,,2019
218,Bloor GO / UP Station (West Toronto Railpath),,,2019
219,Boston Ave / Queen St E,,,2019
220,Bridgeman Ave / Bathurst St,,,2019
221,St. George St / Russell St - SMART,,,2019
222,Danforth Ave / Ellerbeck St,,,2019
223,Huron/ Harbord St,,,2019
224,University Ave / King St W - SMART,,,2019
225,Hubbard Blvd / Balsam Av,,,2019
226,Church St / Bloor St E,,,2019
227,Jarvis St / Isabella St,,,2019
228,Tecumseth St / Queen St W - SMART,,,2019
229,Toronto Eaton Centre (Yonge St),,,2019
230,Simcoe St / Wellington St North,,,2019
231,St Clair Ave W / Bathurst St.,,,2019
232,Carlton St / Parliament St,,,2019
233,Richmond St E / Jarvis St Green P,,,2019
234,D'Arcy St. /McCaul St. SMART,,,2019
235,12 Harbour St,,,2019
236,Front St E / Scott St,,,2019
237,Claremont St / Dundas St W,,,2019
238,University Ave / Elm St,,,2019
239,Bay St / St. Joseph St,,,2019
240,Queen St W / Close Ave,,,2019
241,Jarvis St / Dundas St E,,,2019
242,Exhibition GO (Atlantic Ave),,,2019
243,Martin Goodman Trail (Marilyn Bell Park),,,2019
244,Cherry Beach,,,2019
245,Frobisher Ave / Lascelles Blvd,,,2019
246,Garden Ave / Roncesvalles Ave,,,2019
247,Havelock St / Dufferin Park,,,2019
248,Strachan Ave / Princes' Blvd,,,2019
249,Wellesley St / Queen's Park Cres,,,2019
250,Roxborough St W / Yonge St,,,2019
251,St. George St / Hoskin Ave,,,2019
252,Davenport Rd / Oakwood Rd - SMART,,,2019
253,High Park - Grenadier Cafe,,,2019
254,Parliament St / Bloor St E,,,2019
255,Cherry St / Mill St,,,2019
256,Dundas St W / Edna Ave,,,2019
257,Dundas St W / St. Patrick St,,,2019
258,Christie St / Benson Ave (Wychwood Barns),,,2019
259,Queen St E / Larchmount Ave,,,2019
260,Yonge St / Dundas Sq,,,2019
261,Frederick St / The Esplanade,,,2019
262,Simcoe St / Michael Sweet Ave - SMART,,,2019
263,457 King St. W. at Spadina,,,2019
264,Yonge St / Aylmer Ave,,,2019
265,Front St W / Yonge St (Hockey Hall of Fame),,,2019
266,Mill St / Tannery Rd,,,2019
267,Yonge St / Harbour St,,,2019
268,20 Charles St E,,,2019
269,Central Tech  (Harbord St),,,2019
270,Front St W / Bay St (North Side),,,2019
271,Cherry St / Distillery Ln,,,2019
272,Westmoreland Ave / Fernbank Ave,,,2019
273,Queen St E / Berkeley St,,,2019
274,Lisgar St / Dundas St SMART,,,2019
275,Chester Station (Green P),,,2019
276,Roxton Rd / Harbord St,,,2019
277,Regal Rd / Dufferin St,,,2019
278,Queen St E / Pape Ave - SMART,,,2019
279,Mary McCormick Rec Centre (Sheridan Ave),,,2019
280,Queen St. E / Eastern Ave,,,2019
281,Front St W / University Ave (2),,,2019
282,Willcocks St / St. George St,,,2019
283,Concord Av / Dewson St,,,2019
284,Wychwood Ave / Benson Ave - SMART,,,2019
285,111 Bond St (North of Dundas St E)  - SMART,,,2019
286,Bathurst St / Fort York Blvd,,,2019
287,Gailbraith Rd / King’s College Cr. (U of T),,,2019
288,Howard Park Ave / Dundas St W - SMART,,,2019
289,Dufferin St / Bloor St,,,2019
290,Augusta Ave / Dundas St W,,,2019
291,Wellington St W / Portland St,,,2019
292,Cosburn Ave / Donlands Ave,,,2019
293,424 Wellington St W - SMART,,,2019
294,Yonge St / Dundonald St - SMART,,,2019
295,Ward Ave / Wallace Ave,,,2019
296,25 York St – Union Station South,,,2019
297,190 Queens Quay E,,,2019
298,Lake Shore Blvd W / Windermere Ave,,,2019
299,Spadina Ave / Harbord St - SMART,,,2019
300,Queen St W / Gladstone Ave,,,2019
301,Ossington Ave / Harrison St,,,2019
302,Wellington St W / Bay St,,,2019
303,Sorauren/Geoffrey (Sorauren Park) - SMART,,,2019
304,Spadina Ave / Willcocks St,,,2019
305,Essex St / Christie St - SMART,,,2019
306,Danforth Ave / Barrington Ave,,,2019
307,Lansdowne Subway Station,,,2019
308,HTO Park (Queens Quay W),,,2019
309,Logan Av / Gerrard St E,,,2019
310,Broadview Ave / Westwood Ave,,,2019
311,Pretoria Av / Broadview Av,,,2019
312,Pape Subway Green P,,,2019
313,Salem Ave / Bloor St W,,,2019
314,Roncesvalles Ave / Marmaduke St,,,2019
315,Bloor St E / Huntley St - SMART,,,2019
316,Palmerston Ave / Vermont Ave,,,2019
317,51 Parliament St,,,2019
318,Liberty St / Fraser Ave Green P,,,2019
319,Blake St / Boultbee Ave,,,2019
320,Lee Ave / Queen St E,,,2019
321,Niagara St / Tecumseth St,,,2019
322,Danforth Ave / Aldridge Ave,,,2019
323,Mortimer Ave / Carlaw Ave SMART,,,2019
324,King St E / Ontario St.,,,2019
325,Hocken Ave./Vaughan Rd.,,,2019
326,Beltline Trail / Chaplin Cres.,,,2019
327,Wallace Ave / Symington Ave - SMART,,,2019
328,Bloor St W / Balmuto St,,,2019
329,King St W / Fraser Ave,,,2019
330,Dovercourt Rd / Harrison St (Green P) - SMART,,,2019
331,Queen St E / Hammersmith Ave,,,2019
332,Davenport Rd / Bedford Rd,,,2019
333,Balliol St / Yonge St  SMART,,,2019
334,Eastern Ave / Winnifred Ave,,,2019
335,Dundas St W / Roncesvalles Green P - SMART,,,2019
336,Davenport Rd / Lansdowne Ave.,,,2019
337,Primrose Ave / Davenport Rd - SMART,,,2019
338,Lawton Blvd / Yonge St,,,2019
339,Bridgeman Ave / Kendal Ave - SMART,,,2019
340,Pape Ave / Gamble Ave,,,2019
341,Queen St. E / Rhodes Ave.,,,2019
342,Queen St W / Roncesvalles Ave,,,2019
343,Rosedale Park (20 Schofield Ave),,,2019
344,Lansdowne Ave / Whytock Ave,,,2019
345,Erskine Ave / Yonge St SMART,,,2019
346,Danforth Ave / Westlake Ave,,,2019
347,Fulton Ave / Pape Ave - SMART,,,2019
348,Dufferin Gate - SMART,,,2019
349,Coxwell Ave /  Lake Shore Blvd E,,,2019
350,Davenport Rd / Bathurst St,,,2019
351,Coxwell Ave / Plains Rd,,,2019
352,Victoria Park Subway Station - SMART,,,2019
353,Queen St. E / Spruce Hill Rd.,,,2019
354,Logan Ave / Bain Ave,,,2019
355,Queen St E / Woodward Ave,,,2019
356,Eglinton Ave W / Henning Ave SMART,,,2019
357,Cherry Beach Sports Field (55 Unwin Ave),,,2019
358,Soho St / Queen St W,,,2019
359,College Park - Yonge St Entrance,,,2019
360,Fleet St / Garrison Rd (Fort York),,,2019
361,Victoria St / Queen St E,,,2019
362,Via Italia / Mackay Ave - SMART,,,2019
363,Little Norway Park,,,2019
364,Dundas St E / Victoria St,,,2019
365,Polson Pier,,,2019
366,Queen's Park Cres W / Hoskin Ave,,,2019
367,Church St / Lombard St,,,2019
368,Carlaw Ave / Danforth Ave - SMART,,,2019
369,Roehampton Ave / Mount Pleasant Rd,,,2019
370,University Ave / College St (East),,,2019
371,Eastwood Rd / Woodbine Ave - SMART,,,2019
372,Tyndall Ave / King St W - SMART,,,2019
373,Lower Simcoe St / Bremner Blvd,,,2019
374,Gerrard St E / Ted Reeve Dr,,,2019
375,Bleecker St / St James Ave,,,2019
376,Isabella St / Church St,,,2019
377,York St / Lake Shore Blvd W,,,2019
378,Adelaide St W / Brant St,,,2019
379,Ontario St / Adelaide St E -SMART,,,2019
380,Gerrard St E / Leslie St - SMART,,,2019
381,Wellington St W / Bathurst St,,,2019
382,Frederick St / King St E,,,2019
383,King St W / Crawford St - SMART,,,2019
384,Belmont St / Davenport Rd - SMART,,,2019
385,Sumach St  / Queen St E,,,2019
386,Briar Hill Ave / Yonge St - SMART,,,2019
387,Davenport Rd / McAlpine St - SMART,,,2019
388,Spadina Ave / Blue Jays Way,,,2019
389,Western Battery Rd / Pirandello St - SMART,,,2019
390,Queens Quay E / Lower Sherbourne St,,,2019
391,Jarvis St / Maitland Pl,,,2019
392,Concord Ave / Bloor St W - SMART,,,2019
393,Marilyn Bell Park Tennis Court,,,2019
394,University Ave / Queen St W,,,2019
395,Martin Goodman Trail / Ontario Dr,,,2019
396,Merton St / Mount Pleasant Rd,,,2019
397,York St / Harbour St,,,2019
398,Summerhill Ave / Maclennan Ave,,,2019
399,Jarvis St / Richmond St E,,,2019
400,Woodbine Subway Station - SMART,,,2019
401,Keele St / Annette St - SMART,,,2019
402,Clarence Square,,,2019
403,Dundas St E / Boulton Ave - SMART,,,2019
404,Adelaide St W / Strachan Ave,,,2019
405,Berkeley St / Adelaide St E - SMART,,,2019
406,Barton St / Howland St - SMART,,,2019
407,Danforth Ave / Sibley Ave - SMART,,,2019
408,Orchard Park,,,2019
409,Dundas St E / George St,,,2019
410,Princes Gate / Nunavut Dr,,,2019
411,Bloor St W / Huron St,,,2019
412,Howard St / Rose Ave - SMART,,,2019
413,High Park Subway - SMART,,,2019
414,Front St / Simcoe St,,,2019
415,Richmond St E / Yonge St,,,2019
416,Clendenan Ave / Rowland St - SMART,,,2019
417,Eastwood Rd / Coxwell Ave - SMART,,,2019
418,Pacific Ave / Glenlake Ave - SMART,,,2019
419,Woodbine Ave / Lake Shore Blvd E,,,2019
420,Berkeley St / Dundas St E - SMART,,,2019
421,Rushton Rd / St Clair Ave W - SMART,,,2019
422,King St W / Jordan St,,,2019
423,Trent Ave / Danforth Ave - SMART,,,2019
424,Shaw St / Dupont St,,,2019
425,Ontario St / King St E,,,2019
426,Russell Hill Rd / St Clair Ave W,,,2019
427,Dentonia Park,,,2019
428,Merton St / Al Green Ln - SMART,,,2019
429,Southwood Dr / Kingston Rd - SMART,,,2019
430,Northern Dancer Blvd / Lake Shore Blvd E,,,2019
431,Humberside Grounds - SMART,,,2019
432,Wellington St W / York St,,,2019
433,St Clair Ave W / Winona Ave - SMART,,,2019
434,Pottery Rd / Lower Don River Trail,,,2019
435,Symington Ave / Dupont St - SMART,,,2019
436,D'Arcy St / Spadina Ave - SMART,,,2019
437,Sackville St / Eastern Ave - SMART,,,2019
438,Lascelles Blvd / Eglinton Ave W - SMART,,,2019
439,Lonsdale Rd / Spadina Rd,,,2019
440,The Queensway at South Kingsway - SMART,,,2019
441,Dundas St W / Watkinson Ave - SMART,,,2019
442,Antler St / Campbell Ave - SMART,,,2019
443,128 Sterling Ave - SMART,,,2019
444,Ellis Ave / The Queensway,,,2019
445,Lower Jarvis / Queens Quay E,,,2019
446,Westmount Ave / St Clair Ave W - SMART,,,2019
447,Sunnyside Ave / The Queensway - SMART,,,2019
448,Lake Shore Blvd W / Louisa St,,,2019
449,High Park Amphitheatre,,,2019
450,Keele St / Vine Ave - SMART,,,2019
451,University Ave / Armoury St - SMART,,,2019
452,Gerrard St E / Victoria Park Ave - SMART,,,2019
453,E.T. Seton Park (Eglinton Ave E / Leslie St),,,2019
454,Neil McLellan Park - SMART,,,2019
455,Jane St / Bloor St W (Jane Subway Station),,,2019
456,Glendonwynne Ave / Bloor St W - SMART,,,2019
457,Woodbine Subway Green P SMART,,,2019
458,Gerrard St E / Malvern Ave - SMART,,,2019
459,Blythwood Rd / Yonge St - SMART,,,2019
460,High Park Outdoor Pool,,,2019
461,324 Cherry St - SMART,,,2019
462,Cosburn Ave / Cedarvale Ave - SMART,,,2019
463,Goodwood Park Ct / Dentonia Park - SMART,,,2019
464,Make Invisible - 7218,,,2019
465,Toronto Bike Shop,,,2019
466,Wolfpack - 7219,,,2019
467,PBSC-OPS,,,2019
468,55 Magnificent Rd. Garage,,,2019
0,Bond St / Queen St E,,,2020
1,Claremont St / Dundas St W,,,2020
2,Queen St W / Cowan Ave,,,2020
3,King St W / Portland St,,,2020
4,Hocken Ave./Vaughan Rd.,,,2020
5,Dundas St W / St. Patrick St,,,2020
6,Yonge St / Wood St,,,2020
7,Queen St W / Close Ave,,,2020
8,Yonge St / Bloor St,,,2020
9,Simcoe St / Queen St W,,,2020
10,Fort York Blvd / Garrison Rd,,,2020
11,Blythwood Rd / Yonge St - SMART,,,2020
12,Kendal Ave / Bernard Ave,,,2020
13,Simcoe St / Adelaide St W,,,2020
14,College St / Borden St,,,2020
15,Briar Hill Ave / Yonge St - SMART,,,2020
16,Bay St / Wellesley St W,,,2020
17,Dundas St W / Yonge St,,,2020
18,Wells Hill Ave / St Clair Ave W,,,2020
19,Taddle Creek Park,,,2020
20,Madison Ave / Bloor St W,,,2020
21,Bay St / Bloor St W (East Side),,,2020
22,Gould St / Yonge St (Ryerson University),,,2020
23,College St / Crawford St,,,2020
24,Sherbourne St / Wellesley St E,,,2020
25,Charles St E / Jarvis St - SMART,,,2020
26,Lower Simcoe St / Bremner Blvd,,,2020
27,Isabella St / Church St,,,2020
28,Yonge St / Dundonald St - SMART,,,2020
29,College St / Markham St,,,2020
30,Union Station,,,2020
31,Queen St. E / Spruce Hill Rd.,,,2020
32,519 Church St - SMART,,,2020
33,25 York St – Union Station South,,,2020
34,Essex St / Christie St - SMART,,,2020
35,Queens Quay W / Dan Leckie Way,,,2020
36,Spadina Ave / Blue Jays Way,,,2020
37,Jarvis St / Dundas St E,,,2020
38,Chester Station (Green P),,,2020
39,Bathurst St/Queens Quay(Billy Bishop Airport),,,2020
40,Mill St / Parliament St,,,2020
41,Summerhill Station,,,2020
42,Bay St / College St (East Side),,,2020
43,Queen St W / Gladstone Ave,,,2020
44,Bathurst St / Fort York Blvd,,,2020
45,Bleecker St / St James Ave,,,2020
46,Little Norway Park,,,2020
47,Ossington Ave / Bloor St W,,,2020
48,York St / Queens Quay W,,,2020
49,Lake Shore Blvd E / Leslie St,,,2020
50,Church St / Alexander St,,,2020
51,Sherbourne St / Carlton St (Allan Gardens),,,2020
52,Augusta Ave / Denison Sq,,,2020
53,Seaton St / Dundas St E - SMART,,,2020
54,Jarvis St / Maitland Pl,,,2020
55,King St W / Douro St,,,2020
56,Queen St E / Berkeley St,,,2020
57,Cumberland Ave / Bay St SMART,,,2020
58,Hubbard Blvd. / Glen Manor Dr.,,,2020
59,Scott St / The Esplanade,,,2020
60,Dundas St W / Crawford St,,,2020
61,College St / Major St,,,2020
62,Simcoe St / Wellington St North,,,2020
63,Jarvis St / Isabella St,,,2020
64,King St W / Joe Shuster Way,,,2020
65,Borden St / Bloor St W - SMART,,,2020
66,Pretoria Av / Broadview Av,,,2020
67,Front St / Simcoe St,,,2020
68,Carlton St / Parliament St,,,2020
69,Lower Jarvis / Queens Quay E,,,2020
70,Sumach St / Carlton St. (Riverdale Farm),,,2020
71,Adelaide St W / Brant St,,,2020
72,Harbord St / Clinton St,,,2020
73,Simcoe St / Michael Sweet Ave - SMART,,,2020
74,Dundas St E / Boulton Ave - SMART,,,2020
75,Danforth Ave / Barrington Ave,,,2020
76,High Park Subway - SMART,,,2020
77,Wellington St W / Stafford St,,,2020
78,Coxwell Ave /  Lake Shore Blvd E,,,2020
79,Church St / Lombard St,,,2020
80,Bay St / Albert St,,,2020
81,Queen St E / Larchmount Ave,,,2020
82,Ulster St / Bathurst St,,,2020
83,Church St  / Wood St,,,2020
84,Spadina Ave / Adelaide St W,,,2020
85,Sherbourne St / Isabella St,,,2020
86,Lisgar St / Dundas St SMART,,,2020
87,Bathurst St / Dundas St W,,,2020
88,Charles St W / Balmuto St - SMART,,,2020
89,Front St W / Blue Jays Way,,,2020
90,Niagara St / Richmond St W,,,2020
91,Bay St / Bloor St W (West Side),,,2020
92,Danforth Ave / Ellerbeck St,,,2020
93,Adelaide St W / Strachan Ave,,,2020
94,King St W / Charlotte St (West),,,2020
95,Bloor St W / Huron St,,,2020
96,Berkeley St / Dundas St E - SMART,,,2020
97,Glendonwynne Ave / Bloor St W - SMART,,,2020
98,Princess St / Adelaide St E,,,2020
99,Queens Quay / Yonge St,,,2020
100,Widmer St / Adelaide St W,,,2020
101,Frederick St / King St E,,,2020
102,Wellesley St E / Yonge St (Green P),,,2020
103,King St E / River St,,,2020
104,College St / Huron St,,,2020
105,King St W / Crawford St - SMART,,,2020
106,Granby St / Church St - SMART,,,2020
107,Bay St / Charles St - SMART,,,2020
108,Queen St W / Dovercourt Rd,,,2020
109,Carlaw Ave / Strathcona Ave,,,2020
110,King St E / Jarvis St,,,2020
111,Howard St / Rose Ave - SMART,,,2020
112,Cariboo St / Rail Path,,,2020
113,Yonge St / Yorkville Ave,,,2020
114,Riverdale Park South (Broadview Ave),,,2020
115,Phoebe St / Spadina Ave,,,2020
116,Rusholme Park Cres / College St,,,2020
117,Bloor St W / Manning Ave - SMART,,,2020
118,Danforth Ave / Gough Ave,,,2020
119,Bathurst Subway Station,,,2020
120,College Park - Yonge St Entrance,,,2020
121,Danforth Ave / Aldridge Ave,,,2020
122,Westmoreland Ave / Fernbank Ave,,,2020
123,King / Cowan Ave - SMART,,,2020
124,St Clarens Ave / College St,,,2020
125,Wellington St W / Bathurst St,,,2020
126,St. George St / Hoskin Ave,,,2020
127,Davenport Rd / Bedford Rd,,,2020
128,Bloor St W / Christie St,,,2020
129,Lower Jarvis St / The Esplanade,,,2020
130,51 Parliament St,,,2020
131,Castle Frank Station,,,2020
132,Church St / Dundas St E - SMART,,,2020
133,King St W / Jordan St,,,2020
134,Spadina Ave / Fort York Blvd,,,2020
135,Queen St W / Portland St,,,2020
136,Yarmouth Rd / Christie St,,,2020
137,St Clair Ave W / Bathurst St.,,,2020
138,Beverley  St / Dundas St W,,,2020
139,Logan Av / Gerrard St E,,,2020
140,Bay St / St. Joseph St,,,2020
141,Alton Ave / Dundas St E (Greenwood Park),,,2020
142,Roncesvalles Ave / Marmaduke St,,,2020
143,East Liberty St / Pirandello St,,,2020
144,Cherry Beach,,,2020
145,Jarvis St / Richmond St E,,,2020
146,George St / King St E,,,2020
147,Thompson St / Broadview Ave - SMART,,,2020
148,King St W / Stafford St,,,2020
149,Bridgeman Ave / Bathurst St,,,2020
150,Humberside Grounds - SMART,,,2020
151,Dundonald St / Church St,,,2020
152,Roxton Rd / Harbord St,,,2020
153,Dundas St E / Regent Park Blvd,,,2020
154,Mill St / Tannery Rd,,,2020
155,Pape Ave / Gamble Ave,,,2020
156,Lower Sherbourne St / The Esplanade,,,2020
157,Gould St / Mutual St,,,2020
158,Salem Ave / Bloor St W,,,2020
159,Parkside Dr / Bloor St W - SMART,,,2020
160,Frobisher Ave / Lascelles Blvd,,,2020
161,Princes Gate / Nunavut Dr,,,2020
162,Robert St / Bloor St W - SMART,,,2020
163,424 Wellington St W - SMART,,,2020
164,College Park- Gerrard Entrance,,,2020
165,Marilyn Bell Park Tennis Court,,,2020
166,Wychwood Ave / Benson Ave - SMART,,,2020
167,190 Queens Quay E,,,2020
168,Kew Beach Ave / Kenilworth Ave,,,2020
169,200 Bloor St. E.,,,2020
170,Nelson St / Duncan St,,,2020
171,Eastwood Rd / Coxwell Ave - SMART,,,2020
172,Wellington St W / Portland St,,,2020
173,Sterling Rd / Dundas St W,,,2020
174,Barton St / Howland St - SMART,,,2020
175,20 Charles St E,,,2020
176,Amelia St. / Sumach St.,,,2020
177,D'Arcy St. /McCaul St. SMART,,,2020
178,Humber Bay Shores Park West,,,2020
179,Donlands Station,,,2020
180,Dundas St E / Parliament St,,,2020
181,12 Harbour St,,,2020
182,Parliament St / Gerrard St,,,2020
183,High Park Subway Station,,,2020
184,Fleet St / Bathurst St,,,2020
185,Concord Ave / Bloor St W - SMART,,,2020
186,Cherry St / Distillery Ln,,,2020
187,Ossington Ave / College St,,,2020
188,Elizabeth St / Edward St (Bus Terminal),,,2020
189,Queen St W / Roncesvalles Ave,,,2020
190,Danforth Ave / Westlake Ave,,,2020
191,Riverdale Park North (Broadview Ave),,,2020
192,Ted Rogers Way / Bloor St E,,,2020
193,University Ave / College St (West),,,2020
194,Yonge St / Dundas Sq,,,2020
195,Lake Shore Blvd W / Ellis Ave,,,2020
196,80 Clinton St (North of College) - SMART,,,2020
197,Jarvis St / Carlton St,,,2020
198,St. George St / Bloor St W,,,2020
199,Eastern Ave / Winnifred Ave,,,2020
200,Bay St / Queens Quay W (Ferry Terminal),,,2020
201,King St E / Victoria St,,,2020
202,Davenport Rd / McAlpine St - SMART,,,2020
203,D'Arcy St / Spadina Ave - SMART,,,2020
204,Broadview Ave / Westwood Ave,,,2020
205,Dufferin Gate - SMART,,,2020
206,Havelock St / Dufferin Park,,,2020
207,Queen St W / York St (City Hall),,,2020
208,King St E / Church St,,,2020
209,Martin Goodman Trail / Ontario Dr,,,2020
210,Keele St / Vine Ave - SMART,,,2020
211,Davenport Rd / Avenue Rd,,,2020
212,Bloor GO / UP Station (West Toronto Railpath),,,2020
213,Lawton Blvd / Yonge St,,,2020
214,Dovercourt Rd / Harrison St (Green P) - SMART,,,2020
215,Martin Goodman Trail (Marilyn Bell Park),,,2020
216,Sumach St  / Queen St E,,,2020
217,Metro Hall Plaza,,,2020
218,Queen's Park / Bloor St W,,,2020
219,Bloor St W / Balmuto St,,,2020
220,Logan Ave / Bain Ave,,,2020
221,Edward St / Yonge St,,,2020
222,Parliament St / Aberdeen Ave,,,2020
223,Jimmie Simpson Park (Queen St E),,,2020
224,Dupont St / Emerson Ave SMART,,,2020
225,Howard St / Sherbourne St,,,2020
226,Berkeley St / Adelaide St E - SMART,,,2020
227,Queens Quay E / Lower Sherbourne St,,,2020
228,King St W / Bay St (East Side),,,2020
229,Dundas St E / Broadview Ave,,,2020
230,Ontario Place Blvd / Lake Shore Blvd W (East),,,2020
231,College Park South,,,2020
232,Queens Quay W / Lower Simcoe St,,,2020
233,Fort York  Blvd / Capreol Ct,,,2020
234,The Royal Ontario Museum (Bloor St Entrance),,,2020
235,Hanna Ave / Liberty St,,,2020
236,Queen St W / James St,,,2020
237,Russell Hill Rd / St Clair Ave W,,,2020
238,Humber Bay Shores Park East,,,2020
239,Summerhill Ave / Maclennan Ave,,,2020
240,Crawford St / Queen St W,,,2020
241,Front St E / Scott St,,,2020
242,Dundas St W / Watkinson Ave - SMART,,,2020
243,Christie St / Benson Ave (Wychwood Barns),,,2020
244,York St / Lake Shore Blvd W,,,2020
245,Polson Pier,,,2020
246,Queen St E / George St (Moss Park),,,2020
247,Concord Av / Dewson St,,,2020
248,Front St W / Yonge St (Hockey Hall of Fame),,,2020
249,Church St / Bloor St E,,,2020
250,Cherry Beach Sports Field (55 Unwin Ave),,,2020
251,John St  / Mercer St - SMART,,,2020
252,Lake Shore Blvd W / The Boulevard Club,,,2020
253,Kendal Ave / Spadina Rd,,,2020
254,161 Bleecker St (South of Wellesley),,,2020
255,Yonge St / Alexander St - SMART,,,2020
256,Lansdowne Subway Station,,,2020
257,Central Tech  (Harbord St),,,2020
258,Beltline Trail / Chaplin Cres.,,,2020
259,King St W / Tecumseth St,,,2020
260,Stewart St / Bathurst St  - SMART,,,2020
261,Clarence Square,,,2020
262,Baldwin Ave / Spadina Ave - SMART,,,2020
263,Mallon Ave / Jones Ave -SMART,,,2020
264,Gerrard St E / Ted Reeve Dr,,,2020
265,Glen Edyth Dr / Davenport Rd,,,2020
266,Navy Wharf Ct. / Bremner Blvd.,,,2020
267,Bloor St E / Huntley St - SMART,,,2020
268,Spadina Ave / Harbord St - SMART,,,2020
269,Queen St E / Hammersmith Ave,,,2020
270,Bay St / College St (West Side) - SMART,,,2020
271,Queen's Park Cres W / Hoskin Ave,,,2020
272,King St W / York St,,,2020
273,Alma Ave / Gladstone Ave SMART,,,2020
274,McGill St / Church St,,,2020
275,Spadina Ave / Willcocks St,,,2020
276,Tyndall Ave / King St W - SMART,,,2020
277,Yonge St / Harbour St,,,2020
278,University Ave / Elm St,,,2020
279,Bloor St W / Dundas St W,,,2020
280,Victoria St / Queen St E,,,2020
281,Dundas St E / Pembroke St - SMART,,,2020
282,University Ave / King St W - SMART,,,2020
283,Temperance St. Station,,,2020
284,Soho St / Queen St W,,,2020
285,Wallace Ave / Symington Ave - SMART,,,2020
286,Gerrard Square Mall (1010 Gerrard St E),,,2020
287,Dalton Rd / Bloor St W,,,2020
288,Richmond St E / Jarvis St Green P,,,2020
289,Boston Ave / Queen St E,,,2020
290,Walton St / Elizabeth St - SMART,,,2020
291,Queen St W / Ossington Ave,,,2020
292,University Ave / Gerrard St W (East Side),,,2020
293,Lake Shore Blvd W / Ontario Dr,,,2020
294,Queen St W  /  Fuller Ave - SMART,,,2020
295,Davenport Rd / Bathurst St,,,2020
296,Huron/ Harbord St,,,2020
297,Woodbine Ave / Lake Shore Blvd E,,,2020
298,Clendenan Ave / Rowland St - SMART,,,2020
299,Palmerston Ave / Vermont Ave,,,2020
300,York St / Harbour St,,,2020
301,Adelaide St W / Bay St - SMART,,,2020
302,Bathurst St / Lennox St,,,2020
303,Belmont St / Davenport Rd - SMART,,,2020
304,Marlborough Ave / Yonge St,,,2020
305,Wellington St W / York St,,,2020
306,Lower Spadina Ave / Lake Shore Blvd,,,2020
307,Willcocks St / St. George St,,,2020
308,Balliol St / Yonge St  SMART,,,2020
309,Carlaw Ave / Danforth Ave - SMART,,,2020
310,Euclid Ave / Bloor St W,,,2020
311,Roxborough St W / Yonge St,,,2020
312,Jane St / Bloor St W (Jane Subway Station),,,2020
313,Wright / Sorauren (Sorauren Park) - SMART,,,2020
314,HTO Park (Queens Quay W),,,2020
315,Pape Subway Green P,,,2020
316,Rosedale Park (20 Schofield Ave),,,2020
317,Dentonia Park,,,2020
318,King St E / Ontario St.,,,2020
319,Ossington Ave / Harrison St,,,2020
320,Yonge St / Aylmer Ave,,,2020
321,Queen St. E / Eastern Ave,,,2020
322,Hubbard Blvd / Balsam Av,,,2020
323,Lascelles Blvd / Eglinton Ave W - SMART,,,2020
324,Mary McCormick Rec Centre (Sheridan Ave),,,2020
325,Eastwood Rd / Woodbine Ave - SMART,,,2020
326,Queen St E / Nursewood Rd (Neville Park Loop),,,2020
327,Symington Ave / Dupont St - SMART,,,2020
328,Bloor St W / Shaw Ave - SMART,,,2020
329,Rushton Rd / St Clair Ave W - SMART,,,2020
330,Lake Shore Blvd W / Windermere Ave,,,2020
331,Macpherson Ave / Spadina Rd,,,2020
332,Cherry St / Mill St,,,2020
333,Bay St / Davenport Rd,,,2020
334,Ontario St / King St E,,,2020
335,Gerrard St E / River St,,,2020
336,Morse St / Eastern Ave - SMART,,,2020
337,Howard Park Ave / Dundas St W - SMART,,,2020
338,Front St E / Cherry St,,,2020
339,Rosehill Ave / Avoca Ave - SMART,,,2020
340,Tommy Thompson Park (Leslie Street Spit),,,2020
341,Vanauley St / Queen St W - SMART,,,2020
342,Bathurst St / Adelaide St W,,,2020
343,Hayter St / Laplante Ave,,,2020
344,Queen St W / Spadina Ave,,,2020
345,Wellington St W / Bay St,,,2020
346,Garden Ave / Roncesvalles Ave,,,2020
347,Danforth Ave / Lamb Ave,,,2020
348,Gamble Ave / Broadview Ave,,,2020
349,Dufferin St / Sylvan Av (Dufferin Grove Park),,,2020
350,Ward Ave / Wallace Ave,,,2020
351,Gerrard St E / Malvern Ave - SMART,,,2020
352,Roehampton Ave / Yonge St,,,2020
353,Dundas St W / Roncesvalles Green P - SMART,,,2020
354,Sorauren/Geoffrey (Sorauren Park) - SMART,,,2020
355,Sunnyside - Gus Ryder Pool,,,2020
356,Northern Dancer Blvd / Lake Shore Blvd E,,,2020
357,Exhibition GO (Atlantic Ave),,,2020
358,Simcoe St / Wellington St South,,,2020
359,Pottery Rd / Lower Don River Trail,,,2020
360,Richmond St E / Yonge St,,,2020
361,Queen St E / Alton Av,,,2020
362,Roehampton Ave / Mount Pleasant Rd,,,2020
363,Lake Shore Blvd E / Knox Ave,,,2020
364,Shaw St / Dupont St,,,2020
365,Yonge St / Davisville Ave,,,2020
366,Wellesley St / Queen's Park Cres,,,2020
367,College St / McCaul St,,,2020
368,Bloor St W / High Park Ave (High Park),,,2020
369,Danforth Ave / Sibley Ave - SMART,,,2020
370,Bremner Blvd / Rees St,,,2020
371,Lee Ave / Queen St E,,,2020
372,Primrose Ave / Davenport Rd - SMART,,,2020
373,Augusta Ave / Dundas St W,,,2020
374,Tecumseth St / Queen St W - SMART,,,2020
375,Front St W / Bay St (North Side),,,2020
376,University Ave / College St (East),,,2020
377,Chorley Park - SMART,,,2020
378,E.T. Seton Park (Eglinton Ave E / Leslie St),,,2020
379,Western Battery Rd / Pirandello St - SMART,,,2020
380,Woodbine Subway Station - SMART,,,2020
381,King St W / Spadina Ave,,,2020
382,The Queensway at South Kingsway - SMART,,,2020
383,Ellis Ave / The Queensway,,,2020
384,Sunnyside Ave / The Queensway - SMART,,,2020
385,Blake St / Boultbee Ave,,,2020
386,Keele St / Annette St - SMART,,,2020
387,Fleet St / Garrison Rd (Fort York),,,2020
388,Merton St / Mount Pleasant Rd,,,2020
389,Pacific Ave / Glenlake Ave - SMART,,,2020
390,Davenport Rd / Christie St,,,2020
391,Lonsdale Rd / Spadina Rd,,,2020
392,Goodwood Park Ct / Dentonia Park - SMART,,,2020
393,Exhibition GO Station,,,2020
394,Queen St E / Sackville St,,,2020
395,Neil McLellan Park - SMART,,,2020
396,Fort York Blvd / Bathurst St SMART,,,2020
397,Strachan Ave / Princes' Blvd,,,2020
398,Gailbraith Rd / King’s College Cr. (U of T),,,2020
399,Fulton Ave / Pape Ave - SMART,,,2020
400,111 Bond St (North of Dundas St E)  - SMART,,,2020
401,Trinity St /Front St E,,,2020
402,St. George St / Russell St - SMART,,,2020
403,Winona Dr / Davenport Rd,,,2020
404,Queen St. E / Rhodes Ave.,,,2020
405,Mortimer Ave / Coxwell Ave,,,2020
406,Toronto Eaton Centre (Yonge St),,,2020
407,Ontario St / Adelaide St E -SMART,,,2020
408,Lake Shore Blvd W / Louisa St,,,2020
409,Queen St E / Woodward Ave,,,2020
410,457 King St. W. at Spadina,,,2020
411,Regal Rd / Dufferin St,,,2020
412,Victoria Park Subway Station - SMART,,,2020
413,King St W / Fraser Ave,,,2020
414,Parliament St / Bloor St E,,,2020
415,University Ave / Queen St W,,,2020
416,Front St W / University Ave (2),,,2020
417,Dufferin St / Bloor St,,,2020
418,Front St W / University Ave (1),,,2020
419,Beverley St / College St,,,2020
420,Front St W / Bay St (South Side),,,2020
421,King St W / Brant St,,,2020
422,Cosburn Ave / Donlands Ave,,,2020
423,Broadview Ave / Danforth Ave,,,2020
424,Dundas St W / Edna Ave,,,2020
425,Eglinton Ave W / Henning Ave SMART,,,2020
426,Davenport Rd / Oakwood Rd - SMART,,,2020
427,Merton St / Al Green Ln - SMART,,,2020
428,Bridgeman Ave / Kendal Ave - SMART,,,2020
429,Danforth Ave / Coxwell Ave,,,2020
430,Antler St / Campbell Ave - SMART,,,2020
431,Cosburn Ave / Cedarvale Ave - SMART,,,2020
432,Gerrard St E / Broadview - SMART,,,2020
433,Dundas St E / Victoria St,,,2020
434,Via Italia / Mackay Ave - SMART,,,2020
435,Dundas St E / George St,,,2020
436,Gerrard St E / Leslie St - SMART,,,2020
437,Davenport Rd / Lansdowne Ave.,,,2020
438,Frederick St / The Esplanade,,,2020
439,Southwood Dr / Kingston Rd - SMART,,,2020
440,Mortimer Ave / Carlaw Ave SMART,,,2020
441,Westmount Ave / St Clair Ave W - SMART,,,2020
442,King St W / Bay St (West Side),,,2020
443,St Clair Ave W / Winona Ave - SMART,,,2020
444,128 Sterling Ave - SMART,,,2020
445,324 Cherry St - SMART,,,2020
446,Queen's Park Cres E / Grosvenor St - SMART,,,2020
447,Woodbine Subway Green P SMART,,,2020
448,Liberty St / Fraser Ave Green P,,,2020
449,Niagara St / Tecumseth St,,,2020
450,Erskine Ave / Yonge St SMART,,,2020
451,Sackville St / Eastern Ave - SMART,,,2020
452,Gerrard St E / Victoria Park Ave - SMART,,,2020
453,Orchard Park,,,2020
454,Queen St E / Pape Ave - SMART,,,2020
455,University Ave / Armoury St - SMART,,,2020
456,Trent Ave / Danforth Ave - SMART,,,2020
457,Lansdowne Ave / Whytock Ave,,,2020
458,Coxwell Ave / Plains Rd,,,2020
459,High Park - West Rd,,,2020
460,High Park Amphitheatre,,,2020
461,High Park Outdoor Pool,,,2020
462,High Park - Grenadier Cafe,,,2020
463,Symington Ave / Davenport Rd - SMART,,,2020
464,Hillsdale Ave W / Yonge St - SMART,,,2020
465,Eglinton Ave E / Redpath Ave,,,2020
466,Joseph J Piccininni Community Centre,,,2020
467,Davisville Ave / Pailton Cres - SMART,,,2020
468,Bartlett Parkette,,,2020
469,Walnut Ave / Queen St W,,,2020
470,The Esplanade / Hahn Pl - SMART,,,2020
471,Superior Ave / Lake Shore Blvd W,,,2020
472,Toronto Inukshuk Park,,,2020
473,Queen St W / John St,,,2020
474,Humber Bay Shores Park / Marine Parade Dr,,,2020
475,Durie St / Dundas St W - SMART,,,2020
476,Palmerston Ave / Dundas St W - SMART,,,2020
477,Lake Shore Blvd W / Colborne Lodge Dr,,,2020
478,Baldwin St / Henry St - SMART,,,2020
479,Bayview Ave / Lawren Harris Square,,,2020
480,Lynn Williams St / East Liberty St,,,2020
481,Woodbine Ave / O'Connor Dr - SMART,,,2020
482,St Joseph St / Bay St - SMART,,,2020
483,University Ave / Gerrard St W (West Side),,,2020
484,Braemar Ave / Eglinton Ave W -SMART,,,2020
485,Wolsley St / Palmerston Ave - SMART,,,2020
486,Berry Rd / Bell Manor Dr,,,2020
487,The Queensway / High St - SMART,,,2020
488,439 Sherbourne St - SMART,,,2020
489,Roehampton St / Bayview Ave - SMART,,,2020
490,Jameson Ave / Queen St W,,,2020
491,Ross St / Cecil St - SMART,,,2020
492,Shaw St / Essex St,,,2020
493,Housey St / Dan Leckie Way - SMART,,,2020
494,Lisgar Park,,,2020
495,Sentinel Rd / Finch Hydro Corridor,,,2020
496,Kingston Rd / Beech Ave - SMART,,,2020
497,Front St E / Bayview Avenue,,,2020
498,Oak St / Sumach St,,,2020
499,Nassau St / Bellevue Ave,,,2020
500,541 Huron St - SMART,,,2020
501,Glebe Rd W / Yonge St - SMART,,,2020
502,Runnymede Rd / Annette St - SMART,,,2020
503,Alvin Ave / St Clair Ave E - SMART,,,2020
504,Dufferin St / Finch Hydro Recreational Trail,,,2020
505,Chiltern Hill Rd / Eglinton Ave W - SMART,,,2020
506,Fennings St / Queen St W - SMART,,,2020
507,Elm St/ University Ave (East),,,2020
508,Langford Ave / Danforth Ave - SMART,,,2020
509,Riverview Gardens,,,2020
510,Noble St / Queen St W,,,2020
511,Carlaw Ave / Dundas St E,,,2020
512,Emerson Ave / Bloor St W - SMART,,,2020
513,Euclid Ave / Herrick St - SMART,,,2020
514,Esther Shiner Stadium,,,2020
515,Fleming Cres / Bayview Ave - SMART,,,2020
516,Highfield Rd / Gerrard St E,,,2020
517,Annette St / Dundas W,,,2020
518,Oak St / Parliament St,,,2020
519,Sherbourne St N / Elm Ave - SMART,,,2020
520,East Lynn Ave / Danforth Ave,,,2020
521,Richmond St W / York St,,,2020
522,Yonge St / St Clair Ave,,,2020
523,Humber College - SMART,,,2020
524,Swansea Community Centre,,,2020
525,Sheridan Ave / Dundas St W - SMART,,,2020
526,Foster Pl / Elizabeth St - SMART,,,2020
527,Vaughan Rd /Wychwood Ave,,,2020
528,High Park Ave / Dundas St W,,,2020
529,Lumsden Ave / Eastdale Ave - SMART,,,2020
530,Russell St / Huron St - SMART,,,2020
531,Alameda Ave / Vaughan Rd - SMART,,,2020
532,Annette St / Jane St - SMART,,,2020
533,Orde St / McCaul St - SMART,,,2020
534,Starspray Ave / Lawrence Ave E,,,2020
535,Brick Works,,,2020
536,Victoria Park Ave / Danforth Ave - SMART,,,2020
537,G Ross Lord Park,,,2020
538,Fairmount Park - SMART,,,2020
539,Livingston Rd / Guildwood Pkwy,,,2020
540,Royal York Rd / Lake Shore Blvd W,,,2020
541,Wilket Creek Park,,,2020
542,Torresdale Ave / Antibes Dr,,,2020
543,Bloor St W / Riverside Ave,,,2020
544,Vaughan Rd / Oakwood Ave - SMART,,,2020
545,Lundy Ave / Etienne Brule Park,,,2020
546,Sunnybrook Park,,,2020
547,Glenwood Ave / Runnymede Rd - SMART,,,2020
548,Spadina Rd / Austin Terrace - SMART,,,2020
549,Cosburn Ave / Durant Ave - SMART,,,2020
550,St Clarens Ave / Shirley Ave - SMART,,,2020
551,University Ave / Richmond St W,,,2020
552,Florence Gell Park,,,2020
553,Judson St / Royal York,,,2020
554,Marie Curtis Park,,,2020
555,Twelfth St / Thirteenth St,,,2020
556,Bellwoods Ave / Treford Pl - SMART,,,2020
557,Weston Lions Park,,,2020
558,Finch West Subway Station,,,2020
559,O'Connor Dr / Curity Ave,,,2020
560,Weston Rd / St Clair Ave W - SMART,,,2020
561,St Clair Ave W / Castleton Ave - SMART,,,2020
562,Long Branch GO Station,,,2020
563,Amos Waites Park,,,2020
564,Teddington Park Ave - SMART,,,2020
565,Windsor St / Newcastle St,,,2020
566,Lake Shore Blvd W / Thirty Ninth Street,,,2020
567,Dawes Rd / Taylor Creek Trl,,,2020
568,Torrens Ave / Broadview Ave,,,2020
569,Eglinton Ave W / Scarlett Rd,,,2020
570,Greenwood Subway Station,,,2020
571,Yonge St / Golfdale Rd - SMART,,,2020
572,Colonel Danforth Park,,,2020
573,University of Toronto Scarborough,,,2020
574,Oriole Pkwy / Kilbarry Rd,,,2020
575,The Pond Rd / Sentinel Rd,,,2020
576,St Columba Pl / St Clair Ave E - SMART,,,2020
577,Rouge Hill GO Station,,,2020
578,Rosedale Station,,,2020
579,Spadina Rd / St.Clair Ave West,,,2020
580,Wallace Ave / Pauline Ave - SMART,,,2020
581,St Clair W Subway - Heath Entrance,,,2020
582,Priscilla  Ave / Dundas St W - SMART,,,2020
583,Morningside Park (Highland Creek Trail),,,2020
584,Elwood Blvd / Avenue Rd - SMART,,,2020
585,Ripley Ave / Ormskirk Ave - SMART,,,2020
586,Royal York Rd / Mimico Ave,,,2020
587,Lake Shore Blvd W / Twenty Fourth St - SMART,,,2020
588,Livingston Rd (Highland Creek Trail),,,2020
589,Guildwood GO Station (South),,,2020
590,Waterfront Trail (Rouge Hill),,,2020
591,St Clair Ave W / Gunns Rd - SMART,,,2020
592,Guildwood GO Station (North),,,2020
593,Bloor St W / Gladstone Ave,,,2020
594,Moore Park,,,2020
595,Bloor St W / Indian Rd,,,2020
596,Bloor St W / Pacific Ave,,,2020
597,Danforth Ave / Dewhurst Blvd,,,2020
598,Bloor St W / Brock Ave,,,2020
599,1 Market St,,,2020
600,Holland Park Ave / Oakwood Ave,,,2020
601,Toronto Bike Shop,,,2020
602,135 Queen’s Wharf - SMART,,,2020
603,Dockside Dr / Queens Quay E (Sugar Beach),,,2020
604,Warehouse EBS-Station,,,2020
